"Currency","Frequency","Mean","SD","t_Stat","Sharpe","Skewness","Kurtosis","Positive","N"
"ACT","Daily",-0.20214043634793,9.52977370701027,-1.07238575285157,-0.0212114623665441,1.81515334392266,43.8563267408924,46.5179968701095,2556
"ACT","Monthly",-6.15084470601559,41.3814136851052,-1.3622884741311,-0.148637858358849,1.07815062598878,5.80415349675695,41.6666666666667,84
"ACT","Weekly",-3.46392617326122,29.2935934113077,-0.719278104211664,-0.118248591923315,1.09386777350991,4.99370441282581,45.945945945946,37
"ADA","Daily",0.00573829891639701,5.39478237183879,0.0537761445561367,0.00106367570012674,-0.00624586446952343,9.05969216904936,49.7261345852895,2556
"ADA","Monthly",0.174608238456096,35.5415780356357,0.0450264458649353,0.00491278801073565,1.24518141046237,5.2937253623761,38.0952380952381,84
"ADA","Weekly",0.0400740219407423,14.4614104599414,0.0530142743698419,0.00277110051275764,0.260711033427708,5.61129068148838,46.448087431694,366
"ADX","Daily",-0.105022613548598,7.10835652408613,-0.746954322000339,-0.0147745281476438,1.30429926649924,22.2376125488274,49.491392801252,2556
"ADX","Monthly",-3.19568809797878,33.132580597282,-0.883992876042897,-0.0964515301968641,-0.0364604245006389,3.34861492002139,48.8095238095238,84
"ADX","Weekly",-0.0720786120812937,15.9135788511699,-0.0776626526521013,-0.00452937788258702,0.556993284249622,6.81688793579232,48.6394557823129,294
"AE","Daily",-0.145472281200787,6.21276032391838,-1.18379383591322,-0.0234150801924125,-0.116039167034596,13.4086206948702,46.4397496087637,2556
"AE","Monthly",-4.42651369939539,35.4613261079065,-1.1440538929939,-0.124826513422702,0.863200446354431,4.64079456203265,39.2857142857143,84
"AE","Weekly",-0.955731764305224,19.9156283526121,-0.723027699478355,-0.0479890339076283,0.514365792124626,7.93760624001399,47.5770925110132,227
"AION","Daily",-0.314087357590951,15.4833169656894,-1.02557370211585,-0.0202855343132844,-1.63860603556469,150.533406281161,46.9874804381847,2556
"AION","Monthly",-9.55722959526751,52.0522874777592,-1.68279743990498,-0.183608253515296,-2.02187345976992,13.8102107474425,39.2857142857143,84
"AION","Weekly",-1.33172388891355,19.4080837870071,-1.00612226970961,-0.0686169692757138,-0.686120641000934,5.96312710347389,51.1627906976744,215
"AISCII","Daily",-0.88842848915034,15.5100615418927,-0.797829004093556,-0.0572807842670833,1.59565891097204,10.8252927573757,35.5670103092784,194
"AISCII","Monthly",-24.6221609850237,68.1839709288915,-0.95541684973596,-0.361113626114588,0.385335076871094,1.85517613355123,28.5714285714286,7
"AMB","Daily",-0.181215891193522,8.16756069630523,-1.12171966435487,-0.022187272054862,0.57156853391783,15.9822532470935,50.4303599374022,2556
"AMB","Monthly",-5.51414068917432,38.4463328155401,-1.31450597496589,-0.143424360279831,0.45341872804819,3.42475173730867,42.8571428571429,84
"AMB","Weekly",4.95752441130334,30.4581044266866,1.3021229008486,0.162765362606075,0.626575157168215,3.91677093039786,54.6875,64
"ANT","Daily",-0.00178087765221892,10.0273972078866,-0.0089789652374579,-0.000177601187556254,-3.54952462741459,77.273830881836,50.7433489827856,2556
"ANT","Monthly",-0.0541895628460787,37.588544994837,-0.0132129495117638,-0.00144165098312589,0.491063538845097,4.10772171550157,50,84
"ANT","Weekly",0.478109206777821,18.4540195765147,0.4335259968381,0.0259081337155554,-0.582810490569602,6.04793151566129,55.3571428571429,280
"ARDR","Daily",-0.113090454013041,5.94101176368741,-0.962378606204561,-0.0190355546346956,-0.0110488793582932,12.4989832601162,51.1737089201878,2556
"ARDR","Monthly",-3.4411809578254,31.6784714890156,-0.99559552453429,-0.108628377446135,0.236972275350536,3.44017517881355,47.6190476190476,84
"ARDR","Weekly",0.0446560513835465,16.2938884186192,0.0452001663315612,0.00274066264824285,0.0564156304797854,5.3220260956922,51.1029411764706,272
"ARGO","Daily",-0.582246127892959,9.42367621071716,-1.80874217079604,-0.0617854555773886,0.874846307481044,9.91940015336873,40.2567094515753,857
"ARGO","Monthly",-16.6328310534755,44.9243456760149,-2.02789303351498,-0.370240919554578,0.840643945898521,4.25871132472462,30,30
"ARK","Daily",-0.105203641177162,6.67059576007863,-0.797345546747822,-0.0157712511687144,-0.21305373668006,12.7900402160921,49.1784037558685,2556
"ARK","Monthly",-3.20119651010507,35.0523682539705,-0.83701764261382,-0.0913261120307458,0.620530633302146,3.65568040767679,45.2380952380952,84
"ARK","Weekly",-0.16766065635183,17.1371934649966,-0.181455728662579,-0.00978343721766827,0.57985154366502,7.61567828249558,51.453488372093,344
"AST","Daily",-0.0670725267060588,8.51197404115911,-0.398377499478602,-0.00787978515697227,0.910005939483215,13.9852152012884,48.5524256651017,2556
"AST","Monthly",-2.04092116977008,41.1345798500428,-0.454735445554792,-0.0496157047722453,0.385508332259431,4.2319010240908,46.4285714285714,84
"AST","Weekly",3.06399804341696,25.6097608408503,1.59173070495078,0.119641806202639,0.724081217308832,6.85529408841373,56.4971751412429,177
"ATM","Daily",-0.0444551647466905,6.4719020701167,-0.279356023143835,-0.00686894892182584,-0.764857446011313,44.0645806596933,48.6094316807739,1654
"ATM","Monthly",-1.33688804529138,27.4095361958453,-0.36172181200239,-0.0487745591803932,0.278986774454024,4.20208015249736,38.1818181818182,55
"ATM","Weekly",-0.302906522781706,19.6887255832303,-0.236345327647625,-0.0153847704109251,2.59782921037277,23.8588720807236,47.0338983050847,236
"BAT","Daily",-0.0280222376091789,5.81368946498306,-0.243686463644131,-0.00482004375671631,-0.162787174742592,9.66650276623465,50.3912363067293,2556
"BAT","Monthly",-0.852676658679293,30.1024468456406,-0.259610479623569,-0.0283258255733047,0.648525558790751,3.28690602365968,44.047619047619,84
"BAT","Weekly",-0.195696282319838,14.8593857017395,-0.251954582905431,-0.0131698770223677,-0.0992904145949203,5.22497427880307,49.4535519125683,366
"BAY","Daily",-2.06495970770403,12.5498246719466,-2.59641193607468,-0.164540920824174,-6.44002619237691,61.3022121366236,35.7429718875502,249
"BAY","Monthly",-57.1305519131446,70.007102820977,-2.4482038083724,-0.816067936124133,-1.63904650882009,4.89293849875767,11.1111111111111,9
"BCH","Daily",-0.0674517292026876,5.65103724553874,-0.603455629145189,-0.0119361678700557,0.00471952390102855,16.4826791728269,48.8262910798122,2556
"BCH","Monthly",-2.05245976002464,31.2892083105528,-0.6012010350541,-0.0655964107386003,0.515263525528759,4.30162883780703,42.8571428571429,84
"BCH","Weekly",-0.471056338366312,16.0079650052267,-0.562959650442858,-0.0294263723223101,0.434841610761573,10.1735356107019,47.2677595628415,366
"BCN","Daily",-0.2042656989372,14.4605406699548,-0.714153120018623,-0.0141257303996669,0.714005805364965,52.6089777089172,42.8012519561815,2556
"BCN","Monthly",-6.21551341051767,34.6221106862954,-1.64536824139869,-0.179524393149664,-0.120226313873232,3.81280039714293,46.4285714285714,84
"BCN","Weekly",16.5909409520007,53.8811996224591,0.68852349315354,0.307917066959385,0.830849202208214,2.51039136030099,40,5
"BLOCK","Daily",-0.301927514417159,11.7696286059755,-1.29694141198145,-0.0256531046581937,-0.083604168808287,19.6989016397646,47.848200312989,2556
"BLOCK","Monthly",-9.18722293869354,37.3740858229761,-2.2529591622608,-0.245817997588201,-0.173758929776001,3.85842433318906,44.047619047619,84
"BLOCK","Weekly",-0.568680418931423,24.1569052647038,-0.183861964477016,-0.02354111226997,0.625362850600533,3.35469374251852,49.1803278688525,61
"BNB","Daily",0.173025027274632,5.02974304248912,1.7391760756062,0.0344003711149834,0.29418646010444,23.1893388814169,51.7996870109546,2556
"BNB","Monthly",5.26490440135665,28.5163212641668,1.69214133354855,0.184627755894042,1.63966425437168,11.0361065503147,55.952380952381,84
"BNB","Weekly",1.20833871506546,13.9029474362963,1.662732372548,0.0869124134002595,0.84006364116122,14.186961065305,51.0928961748634,366
"BNT","Daily",-0.0822028976569024,5.62559949988417,-0.738752121398343,-0.0146122911271225,-0.0926324666044037,14.2251532585266,49.491392801252,2556
"BNT","Monthly",-2.50131674298859,33.4697736221082,-0.684944776814036,-0.0747336020622608,0.400642218302582,4.73399932773431,39.2857142857143,84
"BNT","Weekly",-0.539443275663014,16.2430918658649,-0.634488150152478,-0.0332106276389818,-0.0408542466506097,7.87170523821519,48.4931506849315,365
"BOMB","Daily",-0.239212338112263,17.6300201091404,-0.611033109543495,-0.0135684665491812,0.566626965838081,25.6019704612093,47.1400394477318,2028
"BOMB","Monthly",-7.13415620134806,71.4325118839402,-0.823571194461286,-0.0998726772052937,-0.842932440949655,9.50386954766085,42.6470588235294,68
"BOMB","Weekly",-27.5509047724212,35.2621042269207,-1.10495003174149,-0.781317660316697,NA,NA,0,2
"BRD","Daily",-0.247741106499815,19.064558078977,-0.656979404303684,-0.0129948517806456,3.9794096714863,84.3290575457817,50.3912363067293,2556
"BRD","Monthly",-7.53840795492295,74.5088889559778,-0.927280638778607,-0.101174612325475,-0.354863717184379,14.1543242702092,40.4761904761905,84
"BRD","Weekly",0.666737616197528,25.9657754577363,0.283617860234033,0.0256775545672709,2.78050425579002,23.9243557428354,51.6393442622951,122
"BTC","Daily",0.0752322806831384,3.56667344642806,1.06640286698849,0.0210931227131214,-0.97952602125624,17.0556662816735,51.3693270735524,2556
"BTC","Monthly",2.28921082650121,20.0216367238969,1.04791451756122,0.114336847584939,-0.152448371657106,2.8734161318615,52.3809523809524,84
"BTC","Weekly",0.525392648705196,9.76360430836384,1.02947158561354,0.053811341806952,-0.702315366861729,6.5449819275277,53.8251366120219,366
"BTCD","Daily",5.5973543065691,89.2406731721355,0.942918550861953,0.0627220090078479,14.8563851347182,222.523717017284,16.8141592920354,226
"BTCD","Monthly",140.555785920512,453.068128755488,0.930693048128977,0.310231016042992,2.46258975834023,7.09158396675366,22.2222222222222,9
"BTCD","Weekly",211.645968745539,555.7910016414,0.932769022910699,0.380801359000941,1.77862565201581,4.18246053591695,16.6666666666667,6
"BTG","Daily",-0.132055079514726,5.92890737651835,-1.12605828457373,-0.0222730886364889,0.846747778347021,22.3940719546654,47.887323943662,2556
"BTG","Monthly",-4.01824741951951,37.2755102314766,-0.987990390830912,-0.107798589330278,-0.0803779989751197,4.20195782653218,44.047619047619,84
"BTG","Weekly",-0.922220719233984,16.4863241426298,-1.07016707059825,-0.0559385288834238,0.607276462414134,8.77394813187193,45.0819672131148,366
"BTM","Daily",-0.176800137702167,6.19512385631822,-1.44282291177503,-0.0285385961286075,-0.525513881613932,17.5957713916519,49.5696400625978,2556
"BTM","Monthly",-5.37977561865166,32.6467247489572,-1.51030335716213,-0.164787606108129,0.0113207895701989,3.62516582723608,47.6190476190476,84
"BTM","Weekly",-1.12628593292718,18.4230520188618,-0.881695753308445,-0.0611346009213932,-0.171384598528301,5.28745294023897,46.6346153846154,208
"BTS","Daily",-0.236185322016398,6.30188311927054,-1.8947982942912,-0.0374785310273632,0.590664905264899,22.3561495420144,48.1611893583725,2556
"BTS","Monthly",-7.1867819413561,33.4130037099144,-1.9713266448795,-0.215089370705801,0.430962789386164,3.90607765273285,38.0952380952381,84
"BTS","Weekly",-0.781505980264073,19.8230355337099,-0.503333629861195,-0.0394241325419152,-0.202194727768337,4.07082177768751,50.3067484662577,163
"BTX","Daily",-0.212991375266224,11.4287805648163,-0.942198803210742,-0.0186364043003785,0.566707610761066,11.5983895878318,45.18779342723,2556
"BTX","Monthly",-6.48102327595799,38.1353221799296,-1.55759951903482,-0.169948040438188,0.184485964593322,3.82627348572591,40.4761904761905,84
"BTX","Weekly",-4.97093919255576,28.8627164872787,-1.20558902912784,-0.17222700416112,2.41331228170267,13.5395687594,30.6122448979592,49
"BULEI","Daily",-2.32090414919177,21.1457979261373,-1.09207062284467,-0.109757227289258,1.02824073026343,12.7911138954503,6.06060606060606,99
"BULEI","Monthly",-32.8242158242836,66.431414665364,-1.30728379772175,-0.494106831679403,-1.93906528925523,4.92127970569692,0,7
"CHEEPEPE","Daily",-1.35664898761606,13.1270820530362,-1.56051058443867,-0.103347338131575,1.42980444334362,13.0835116961026,39.9122807017544,228
"CHEEPEPE","Monthly",-38.6644961470577,39.6933337512223,-2.75511526324279,-0.974080342794767,-0.388367241420579,1.79015231019089,12.5,8
"CHEYENNE","Daily",-7.7176838583412,20.9659576845021,-2.46932660970602,-0.368105477196784,-0.670635571910176,4.76734581344977,33.3333333333333,45
"CHEYENNE","Monthly",-173.647886812677,33.333788519144,-7.36715529550082,-5.20936546750301,NA,NA,0,2
"CMT","Daily",-0.110983697597049,8.83663823566306,-0.634969023328006,-0.012559493173449,0.182450530546805,24.4237641971918,44.0140845070423,2556
"CMT","Monthly",-3.37707536973871,34.75605295917,-0.890532853519291,-0.0971651002404089,-0.0899457396583863,3.82473482060802,47.6190476190476,84
"CND","Daily",-0.218584832758515,10.6534568603095,-1.03731318188176,-0.0205177376343329,1.85449762190049,31.4580938098835,45.8528951486698,2556
"CND","Monthly",-6.6512241967948,41.1946321797187,-1.47979174631107,-0.161458516434318,0.0406571754210987,4.05326475667675,42.8571428571429,84
"CND","Weekly",0.623152314611719,30.2022544786846,0.0875368878872972,0.0206326423430248,0.744218952769389,2.94550926115317,44.4444444444444,18
"CNX","Daily",0.371687848362138,23.4062161691261,0.638560662736571,0.0158798776220999,8.44649998921897,194.077257410552,50.5875077303649,1617
"CNX","Monthly",11.1299861259552,84.2195799419943,0.971132373432282,0.132154377089281,5.0729644495677,33.5564617459955,57.4074074074074,54
"CNX","Weekly",6.13075649919497,52.2004657680038,1.19772291540135,0.117446394567476,9.81810931452028,98.9181783497545,55.7692307692308,104
"COB","Daily",-0.206309113580484,10.1119472740036,-1.02663358449992,-0.0204025108112337,-0.235252648222759,19.4544619779389,46.0900473933649,2532
"COB","Monthly",-6.21874613792599,31.8469582013085,-1.78967640957241,-0.195269705151008,-0.40992653451901,4.47443175896621,45.2380952380952,84
"COB","Weekly",-15.0621084656504,69.8287327179032,-0.431401455515422,-0.215700727757711,1.05583356093446,2.24591243884941,25,4
"CORE","Daily",-0.0937640837459338,27.4912386345015,-0.134408871347964,-0.00341068967435537,2.12557147044537,685.469163584098,45.9755312298777,1553
"CORE","Monthly",-2.85520827563598,154.425944206947,-0.132039118515684,-0.0184891747970127,0.0256294481286215,24.7493484504624,43.1372549019608,51
"CORE","Weekly",6.15279111787936,71.4431406179113,0.959008543627134,0.0861215095622044,9.81805362925296,104.928174997415,46.7741935483871,124
"CTR","Daily",-0.564962033457777,9.14634310017052,-2.14864397437143,-0.0617691712710016,1.63737314734538,25.0641204790311,42.3140495867769,1210
"CTR","Monthly",-17.0901015120978,45.1208980331671,-2.39550401598792,-0.378762441730111,0.240729221122396,3.58718300738374,32.5,40
"CTR","Weekly",17.2704511803408,57.379857177411,0.796330299529778,0.300984562003053,1.41247381574552,3.94542827632902,71.4285714285714,7
"CVC","Daily",-0.056755012559947,7.22136056776053,-0.397343047799308,-0.00785932401898438,1.52669250307116,25.0103074677916,50.8998435054773,2556
"CVC","Monthly",-1.72697395360982,33.227303413562,-0.476354567033807,-0.0519745443111985,0.640282980999164,4.14946156399968,46.4285714285714,84
"CVC","Weekly",0.336298135474374,18.0398798433542,0.325567270584176,0.0186419276843612,1.10063268748325,9.4589104063138,49.5081967213115,305
"CYRUS","Daily",-0.403852741460969,20.8043375213412,-0.327711418893289,-0.0194119491210279,0.706239665631963,24.8841212779666,11.5789473684211,285
"CYRUS","Monthly",-11.5098031316377,38.8387380394394,-0.937136352863833,-0.296348535319297,0.794967258332853,3.02072121359845,20,10
"DAI","Daily",-0.106045015898799,0.99077570759366,-4.62349861099659,-0.107032313253174,-5.5321661456121,61.4479306978327,48.2851018220793,1866
"DAI","Monthly",-3.19161289785741,4.19949289794275,-5.98424278817997,-0.759999594098831,-0.862113978868891,2.58905888802641,25.8064516129032,62
"DAI","Weekly",-0.838719062495995,2.39715623846217,-5.02173491002408,-0.349880850083453,-2.95604484208043,13.0212504387683,41.2621359223301,206
"DAMOON","Daily",-0.587507157855178,6.37220233741258,-1.36129375262031,-0.092198446745138,2.75227297384331,28.3905660954148,42.6605504587156,218
"DAMOON","Monthly",-16.0095700515536,46.3433695151468,-0.977095594538905,-0.34545546038298,0.913608837046737,3.84220325384725,25,8
"DASH","Daily",-0.13014408232629,5.34012131399673,-1.23212204213372,-0.0243709973376776,-0.11267884552127,13.3655154785532,50.7824726134585,2556
"DASH","Monthly",-3.96009850507139,27.9127853142018,-1.30029668875344,-0.141874000050311,0.869488019348159,4.74339340064757,42.8571428571429,84
"DASH","Weekly",-0.908875066737698,14.4799176563309,-1.20082201153415,-0.0627679720499186,0.102093514401955,7.58705853864205,48.0874316939891,366
"DATA","Daily",-0.0579488839708846,7.57569251549629,-0.386725813801146,-0.00764931837615486,3.484074750661,71.7539245640954,49.5305164319249,2556
"DATA","Monthly",-1.76330175511406,34.797165565018,-0.464432296978927,-0.0506737180020986,0.511732661773604,4.07464290250979,44.047619047619,84
"DATA","Weekly",2.79726096237646,24.5645778342492,1.37594193706888,0.113873764949316,1.5676083681514,11.0076647679989,55.4794520547945,146
"DBC","Daily",-0.162235672770167,8.14051423584563,-1.00756932869963,-0.0199294133109902,0.380632920668109,7.2384183386994,46.4006259780908,2556
"DBC","Monthly",-4.93659975714936,49.2651632026401,-0.918391033022104,-0.100204676818869,1.34930179367649,6.0918326967205,38.0952380952381,84
"DBC","Weekly",-4.50473650011944,33.1383398165737,-0.592536961114726,-0.135937301779567,0.216313217818867,1.99358278000986,52.6315789473684,19
"DCN","Daily",-0.213040130509996,21.5373570100297,-0.487308403274278,-0.00989165617725454,-0.101787130010692,9.38140283767849,26.946847960445,2427
"DCN","Monthly",-6.15533805652108,50.5356196191108,-1.11633350039635,-0.121801970628126,0.820509982623876,4.98560138818197,41.6666666666667,84
"DCR","Daily",-0.0770467229388953,5.45044353869589,-0.714665390887679,-0.0141358629608573,0.425228135513482,20.2118680285644,49.0610328638498,2556
"DCR","Monthly",-2.34442171228352,26.8184732240495,-0.801200714722491,-0.0874181648111556,0.377116190317349,3.95560832265921,45.2380952380952,84
"DCR","Weekly",-0.538063999540481,12.9952100959097,-0.792120354194687,-0.0414047941948886,-0.32031672105283,4.2764591492417,48.0874316939891,366
"DENT","Daily",-0.102425637816272,7.66682349809588,-0.675419564622066,-0.0133595925146458,1.21054428076581,21.8729556037532,48.1611893583725,2556
"DENT","Monthly",-3.11666583640943,45.8125053709349,-0.623513470638099,-0.0680308970481836,1.4404850946354,8.47939206120084,39.2857142857143,84
"DENT","Weekly",5.37065735267389,38.2527784918607,0.931302562514396,0.140399143916216,1.45774130262477,5.57821557863832,45.4545454545455,44
"DEXSHARE","Daily",-0.986079929929884,23.3336837425042,-1.30322400429864,-0.042259933785494,-20.2977366756419,551.30127700039,40.9043112513144,951
"DEXSHARE","Monthly",-29.3050629176037,135.250085420813,-1.22568846578768,-0.216673156445151,-4.01935726463799,21.3763896796752,37.5,32
"DEXSHARE","Weekly",0.787079302134635,17.4810893302136,0.14932975148886,0.0450246141568694,0.0632465503988756,1.7756933476501,54.5454545454545,11
"DGB","Daily",-0.0748179213049126,6.36439692913447,-0.594331577039446,-0.0117556969085974,0.236620592539675,10.6163786164131,48.2394366197183,2556
"DGB","Monthly",-2.27660246256376,34.1907649986637,-0.610264386446402,-0.066585303448248,0.974219503092918,4.91216687269756,40.4761904761905,84
"DGB","Weekly",1.36628816859617,20.5184425107737,0.787883369595504,0.066588298204348,0.439321772867265,3.97914611470668,51.4285714285714,140
"DGD","Daily",-0.0335721573628737,18.9911213814787,-0.086151024722168,-0.00176778172749795,-0.657504801376811,21.4659346560787,50.1894736842105,2375
"DGD","Monthly",-1.00928954097245,36.626920388916,-0.244922629810861,-0.0275559487463183,-0.790204032727606,4.18766529109777,54.4303797468354,79
"DGD","Weekly",1.65599271840982,20.3602549602727,1.23349992860697,0.0813345766858531,0.547009091053429,8.0915368518875,50.4347826086956,230
"DNT","Daily",-0.0515976500631332,7.98243479595317,-0.326794672419736,-0.00646389872038685,3.02319911639005,44.5729915093636,47.1048513302034,2556
"DNT","Monthly",-1.57004278049247,38.0982148706826,-0.377699580431643,-0.0412104027924063,1.04827028729077,7.16135266902969,41.6666666666667,84
"DNT","Weekly",3.41626409053164,26.9542661490565,1.41702962589981,0.126742982785722,1.20844390791053,5.73720471072617,52.8,125
"DOGE","Daily",0.139580212523547,6.90635851954394,1.02177473651298,0.020210391934991,5.01130601336766,105.26883596127,48.7871674491393,2556
"DOGE","Monthly",4.24722646678795,41.7282506350436,0.93285658907207,0.101782998380026,2.36888929057426,11.9154151935036,46.4285714285714,84
"DOGE","Weekly",2.3228658324371,19.905140450245,1.98384529112652,0.116696781830972,3.12628406749885,19.6593455366852,46.7128027681661,289
"DOGECAST","Daily",-0.465141416518103,15.97781730587,-0.186405828839131,-0.0291116995277707,-0.118738059532669,2.48525723259828,46.3414634146341,41
"DOGECAST","Monthly",-9.535399038621,60.0699287950817,-0.224489872279677,-0.158738310996662,NA,NA,50,2
"DRGN","Daily",-0.144385368212825,8.9779801587265,-0.813064441739014,-0.0160821661064248,0.388199594810143,10.2989169581025,47.1048513302034,2556
"DRGN","Monthly",-4.39344048990454,45.7865749444773,-0.879440038076045,-0.0959547748490076,0.422190294004661,4.02161274661151,44.047619047619,84
"DRGN","Weekly",-0.720588757314671,25.7084759537943,-0.211616037583135,-0.0280292289052755,0.474506423348672,3.23330784153344,42.1052631578947,57
"EDG","Daily",-0.297267036042575,14.0448723477655,-1.02734568150258,-0.0211655206741605,0.16147938716257,22.0419152205386,47.0288624787776,2356
"EDG","Monthly",-8.97898893482447,43.9734554358916,-1.80336710653509,-0.204191115886147,1.0612511312989,6.30310671158831,38.4615384615385,78
"EDG","Weekly",-6.20603552547904,17.3170279907096,-1.96291514445027,-0.358377634361308,-0.231460384700816,1.99057831601549,46.6666666666667,30
"ELF","Daily",-0.0338549669856624,6.59826357709795,-0.259401903898418,-0.00513089036078678,0.927288133328349,22.9586899250245,51.3302034428795,2556
"ELF","Monthly",-1.03015828113517,34.172954691349,-0.276287394152814,-0.0301454261254136,0.393675784014448,4.63618500727849,47.6190476190476,84
"ELF","Weekly",-0.236429769440859,15.9333846755051,-0.283879910797034,-0.014838640643901,-0.0415058606821907,6.02569444832362,51.0928961748634,366
"ELIZA","Daily",5.71955819347506,24.8444915822689,1.28177918937533,0.230214338439392,0.131869139450892,2.51697312775958,51.6129032258064,31
"ELIZA","Monthly",177.306303997727,NA,NA,NA,NA,NA,100,1
"EMC2","Daily",-0.378394833705612,8.48020300388292,-2.07906880047371,-0.0446209640892267,-2.5283697162871,42.9949551990489,47.535697835099,2171
"EMC2","Monthly",-11.4096553329845,48.8147078508533,-1.98329848002486,-0.233733967390426,-1.86607920022252,11.919880883796,40.2777777777778,72
"EMC2","Weekly",4.79349440491237,21.1422958333906,1.72668881656577,0.226725349162027,-0.163218704835933,3.16083971195894,62.0689655172414,58
"ENG","Daily",-0.318006064662577,15.0781284289177,-1.06125516032092,-0.0210905528601738,-1.92438578117672,33.9796631772972,48.4597156398104,2532
"ENG","Monthly",-9.58561137768627,55.9211702814015,-1.5710254095053,-0.171412925184692,-1.98067718174837,13.119519876323,40.4761904761905,84
"ENG","Weekly",-0.364310159065389,21.1926035170254,-0.216080468266744,-0.0171904390497711,-0.407418076223416,4.63162911229366,53.7974683544304,158
"ENJ","Daily",0.00629278709238432,7.02798651135768,0.0452681288833874,0.000895389750992659,1.03963063893353,20.8474002680935,49.9217527386541,2556
"ENJ","Monthly",0.191480521525418,39.4641812793179,0.0444693874574162,0.00485200795552214,1.07189124100798,4.86902395485972,47.6190476190476,84
"ENJ","Weekly",0.303917510056812,18.9560956619306,0.29300839543192,0.0160327060739184,1.01228014728687,7.91719810675818,47.0059880239521,334
"EOS","Daily",-0.0953271309649188,5.76192356616627,-0.836429716986383,-0.0165443241081286,-0.2660936165143,12.76171219568,50.2347417840376,2556
"EOS","Monthly",-2.90066841364681,28.2487849462725,-0.941104730471459,-0.102682944387297,0.9504142168796,4.90788376312788,40.4761904761905,84
"EOS","Weekly",-0.665727176902546,15.0746274959045,-0.844870682151521,-0.0441620980076231,-0.240611393786737,5.75979078623193,49.7267759562842,366
"ETC","Daily",-0.012200299628852,5.58140893657388,-0.11051139930998,-0.00218588169537369,-0.0485157020921018,12.1602325648322,50.1173708920188,2556
"ETC","Monthly",-0.371237688706496,31.7118841325648,-0.107292572223483,-0.0117065793743007,0.612347873439577,4.45638363305581,47.6190476190476,84
"ETC","Weekly",-0.0852020924900148,15.3958233768163,-0.105873649431758,-0.00553410430898523,1.18004450564701,10.2422625544478,46.448087431694,366
"ETH","Daily",0.0571859573888884,4.57593652288757,0.631814850758271,0.01249710460424,-0.951566418477684,14.4389399661874,51.0172143974961,2556
"ETH","Monthly",1.74008698911903,26.6533007879661,0.598355933989688,0.0652859847627082,-0.211359696515598,3.14136008694288,54.7619047619048,84
"ETH","Weekly",0.399364227010927,12.5275422468067,0.609879207261994,0.0318788968452871,-0.596019469546943,6.32448620869061,52.1857923497268,366
"ETHEREUM","Daily",-1.54688546369388,19.9865304723314,-1.05837982231011,-0.0773963978307954,1.37682620452369,9.95797218445317,26.7379679144385,187
"ETHEREUM","Monthly",-41.3239402443935,56.1797863461242,-1.94612468631258,-0.735565991472383,-0.723001797010082,2.71070445182715,28.5714285714286,7
"ETN","Daily",-0.130716299658277,7.33063364555712,-0.901506067801048,-0.0178315144336125,1.11347920847185,14.1915317685281,45.6964006259781,2556
"ETN","Monthly",-3.97751026103043,39.5512039687441,-0.921703514413357,-0.100566098169191,0.62834880302365,4.89105060644207,40.4761904761905,84
"ETN","Weekly",4.24895475765343,38.5540470672234,0.330623248208798,0.110207749402933,1.00638878945318,3.30020147889253,44.4444444444444,9
"ETP","Daily",-0.235613475153846,8.02619087086677,-1.48412700034167,-0.0293555783739293,0.557927622778635,38.5564102808155,46.4397496087637,2556
"ETP","Monthly",-7.16938145825274,42.7962573189543,-1.53537880537535,-0.167523561811033,0.256343945637924,4.28465842104203,34.5238095238095,84
"ETP","Weekly",-1.35158432293653,22.5692856006583,-0.711106895184921,-0.0598860037863629,-0.651136832989479,7.62512971559919,44.6808510638298,141
"FCT","Daily",-0.231723775752134,8.29361019452596,-1.23664257708479,-0.0279400370064509,-1.03675381483141,24.8842268694643,48.2388973966309,1959
"FCT","Monthly",-6.9837981030528,28.8385740916603,-1.9524259483125,-0.242168634304025,0.396421270559018,4.45798693002279,38.4615384615385,65
"FCT","Weekly",-1.81821352998111,17.2154152977904,-1.28486718919524,-0.105615432362789,-0.0250456923376096,4.39714681461085,38.5135135135135,148
"FUN","Daily",-0.113860031027102,6.40719116163873,-0.898429577400794,-0.0177706623939686,0.478447399747307,20.5368432883036,48.5524256651017,2556
"FUN","Monthly",-3.46459808696752,33.188006601975,-0.956778343245421,-0.104393075743252,1.41681810578075,11.7523783314196,41.6666666666667,84
"FUN","Weekly",1.88456370939093,25.0413650765717,0.547886700895237,0.0752580262149564,0.557451168540405,4.00929261136933,52.8301886792453,53
"GAME","Daily",-0.260423222359699,11.649255327379,-1.13021734746872,-0.0223553536291398,0.792487759029026,49.6758055937921,46.9874804381847,2556
"GAME","Monthly",-7.92430662323083,58.1074815678837,-1.24988156262019,-0.136373258819922,-0.145317153771121,11.1404440638851,38.0952380952381,84
"GAME","Weekly",-2.83044946920682,25.9942156655644,-0.746496227253993,-0.108887665841614,0.8611457404688,4.74651018581852,38.2978723404255,47
"GAS","Daily",-0.0765606609042466,6.80252416154825,-0.569004898939504,-0.0112547429580642,0.480600272452614,24.7545181876387,49.0610328638498,2556
"GAS","Monthly",-2.32963153894351,37.0215147750112,-0.576730203150467,-0.0629264240834351,1.55536183482458,9.83675174256349,39.2857142857143,84
"GAS","Weekly",-0.534669533528018,16.4184713065936,-0.623007481903446,-0.0325651227537425,0.720945460409947,8.85882372874763,50,366
"GBYTE","Daily",-0.186444933952773,7.58102016409189,-1.24337851945885,-0.0245936470180998,0.422042715450105,44.1848394387005,49.0219092331768,2556
"GBYTE","Monthly",-5.67325299027724,29.7393322800602,-1.7483991247518,-0.190765984146896,0.0666082032348933,4.37076851201609,42.8571428571429,84
"GBYTE","Weekly",-1.20169825257114,16.419796675362,-1.11713488845674,-0.0731859398949986,0.173400388805291,7.00062488956578,50.2145922746781,233
"GNO","Daily",0.00611390409222951,5.42223816820121,0.0570059853313879,0.00112756096330932,-0.26904288119115,10.4029642128138,49.8043818466354,2556
"GNO","Monthly",0.186037367377855,30.3596727479948,0.0561620229029403,0.00612777907463256,-0.0535639639405656,3.02317219188856,52.3809523809524,84
"GNO","Weekly",0.0426971007096704,14.1050173847611,0.0579115651746105,0.00302708600386412,-0.138068200138064,5.10962147778284,51.9125683060109,366
"GNT","Daily",-2.28178659035319,15.5787491463182,-2.10220976685535,-0.146467894753441,-2.30780642132662,17.5117181861448,17.9611650485437,206
"GNT","Monthly",-67.1497196589654,60.1035657188687,-2.95592211045064,-1.1172335427328,-0.194429951966186,1.66754190844944,0,7
"GOVI","Daily",-0.331865329534618,5.93440820057759,-2.11101782023444,-0.0559222281848287,1.63451171213248,22.1528130764953,44.9824561403509,1425
"GOVI","Monthly",-10.0618743529113,32.0043236816263,-2.15535675374373,-0.314391094559759,0.379244070898125,2.67976542942836,36.1702127659575,47
"GXC","Daily",-0.0956313790987976,8.56421059064274,-0.564538422851697,-0.0111663974264347,4.46155047645152,93.4718596307453,47.848200312989,2556
"GXC","Monthly",-2.90992624972057,30.5107309818388,-0.874115884933794,-0.09537386211601,0.48958497214278,5.48459284225326,46.4285714285714,84
"GXC","Weekly",-0.783849430133637,21.2541159471052,-0.558093986083228,-0.0368798886805921,1.38285775440473,16.7058310027054,49.3449781659389,229
"HC","Daily",-0.274831406650427,6.94744311184343,-1.9999621940292,-0.0395586408159165,-0.719838144886567,26.9708101285305,47.6525821596244,2556
"HC","Monthly",-8.36272708807728,36.8936116114314,-2.0774778192492,-0.226671413364316,-0.947762276438113,8.12230202685332,41.6666666666667,84
"HC","Weekly",-1.56310567586736,19.0149007337421,-1.2385319263639,-0.0822042511688537,-0.00344416192283951,4.76587525906324,43.1718061674009,227
"HOM","Daily",-0.4435079649745,3.7941893500469,-2.51791701922836,-0.116891363096841,-0.0376198908348446,9.78221465484775,47.4137931034483,464
"HOM","Monthly",-12.1051585734217,28.1891797082881,-1.77056756988193,-0.429425712230375,-0.650816787018716,2.64930441786492,35.2941176470588,17
"HOMER","Daily",-0.212538982278181,0.83711470913464,-2.04696445778514,-0.253894693234922,-3.65896083660654,14.4154784382171,0,65
"HOMER","Monthly",-4.60501128269391,1.99493817597948,-3.99817578664445,-2.30834786668662,-0.681605872530977,NA,0,3
"HONK","Daily",-0.419730444303304,22.5137836349747,-0.341227784573104,-0.0186432654372347,-0.0550024073793933,8.05085304781723,7.76119402985075,335
"HONK","Monthly",-9.37397992277378,32.4034717045805,-1.12041291314639,-0.289289370232779,-0.067658787725746,4.98738715604067,6.66666666666667,15
"ICN","Daily",-7.91374250735691,28.6842788223287,-1.70070809276429,-0.275891283736812,-4.97418249429434,28.8232983225259,28.9473684210526,38
"ICN","Monthly",-150.361107639781,108.660108197583,-1.95695293521113,-1.38377469095071,NA,NA,0,2
"ICX","Daily",-0.13806178921748,6.36066844379976,-1.09736515038747,-0.0217055472136831,-0.514396509441759,10.1158067089316,50.547730829421,2556
"ICX","Monthly",-4.20102301476047,34.8565745609553,-1.10461261348131,-0.120523117020978,0.176021601974822,3.049672229442,41.6666666666667,84
"ICX","Weekly",-0.964169216502402,17.086978580636,-1.07951462173725,-0.0564271332086211,-0.16760504932649,5.2416612660057,48.3606557377049,366
"IMARO","Daily",-0.0945563796305972,9.45973023104777,-0.151921092209771,-0.00999567401195584,0.37536176221732,4.72199124521114,47.1861471861472,231
"IMARO","Monthly",-2.73031546183344,59.3443801967616,-0.130130237871876,-0.0460079868183109,0.87965439512342,2.52521493821123,25,8
"INK","Daily",-0.231422605496239,14.8532086473981,-0.787709207256683,-0.0155806473193775,0.315427816775603,26.0416074065861,45.6572769953052,2556
"INK","Monthly",-7.04185928152843,40.016289637323,-1.61283584676644,-0.175974817889176,0.680305738635476,5.66885876790438,35.7142857142857,84
"INK","Weekly",-8.36634361099522,25.3683049230123,-1.74511183500699,-0.329795137530292,1.20683360380748,5.14505997535206,28.5714285714286,28
"ISSP","Daily",-0.755125501340893,11.0782437439667,-1.27156288423354,-0.0681629253510637,2.34183848347469,19.3331164565559,38.2183908045977,348
"ISSP","Monthly",-21.8986395388859,34.0000093611214,-2.23114975617383,-0.644077456164664,-0.697128616106951,2.55197312871213,33.3333333333333,12
"ITC","Daily",-0.582449370534147,10.8615346466276,-2.2541627205963,-0.0536249608811027,-1.66841568401483,73.7315620898301,44.9915110356537,1767
"ITC","Monthly",-17.4438650463362,59.4183178256717,-2.25500947738324,-0.293577228111961,-2.87054013443591,17.8010024150948,35.593220338983,59
"ITC","Weekly",-1.42713433677426,26.3426948701363,-0.693787671073201,-0.0541757152717184,0.671274025649726,5.49090756286629,44.5121951219512,164
"IXO","Daily",-0.7355466675012,7.71666056695037,-1.98575515937715,-0.0953192979164416,1.53707815452129,24.4873921144715,45.6221198156682,434
"IXO","Monthly",-21.2818169130347,46.7408320248122,-1.76342865350502,-0.455315320483327,0.165782688722961,2.25182984330147,33.3333333333333,15
"JADE","Daily",-0.0938358698481549,18.1495821442343,-0.213796360886356,-0.00517013940610001,1.33974639770383,19.4112789920868,47.7777777777778,1710
"JADE","Monthly",-2.81507609544465,68.5686136828111,-0.309957534530458,-0.0410548783801697,1.70242450584542,9.43232966389251,45.6140350877193,57
"KCS","Daily",0.0407981574973815,5.76825220945393,0.357582893111865,0.00707288031381758,1.28502636259244,22.1262189573836,49.2957746478873,2556
"KCS","Monthly",1.24142964956316,37.4957980223276,0.303444419862625,0.0331085005531533,1.00766103666625,5.11902730867934,45.2380952380952,84
"KCS","Weekly",0.567649031018597,16.8250060689632,0.63208899562478,0.0337384146366359,2.04146499512726,16.4756775599996,47.5783475783476,351
"KIN","Daily",-0.133499499264134,10.0173351216305,-0.673764087026299,-0.0133268476738757,0.524095881491431,12.0614124363582,27.660406885759,2556
"KIN","Monthly",-4.0621990490373,41.9884426100735,-0.886688501550902,-0.0967456470524756,0.705997036442273,4.52944480458488,35.7142857142857,84
"KMD","Daily",-0.134811023282198,6.29866482986871,-1.08207491962195,-0.0214031111233153,-0.140855212391587,14.2736251571904,49.6870109546166,2556
"KMD","Monthly",-4.10210685130117,32.0572749800836,-1.17278933824309,-0.127961807541337,0.043812532055298,3.13939624583051,41.6666666666667,84
"KMD","Weekly",-0.805022135012549,15.4205170899984,-0.983610285609067,-0.0522046135232831,-0.269812288731637,5.06562336320807,49.2957746478873,355
"KNC","Daily",-0.0793149617624496,5.4398092913001,-0.515909599871567,-0.0145804673500776,-0.378934710199183,8.31001461740632,52.0766773162939,1252
"KNC","Monthly",-2.36434124110921,30.3891123887964,-0.504216191316916,-0.0778022474253272,-0.264336048764347,2.70550417961926,45.2380952380952,42
"KNC","Weekly",-0.551679622925483,14.9177706410937,-0.496157167853758,-0.0369813718281592,-0.876596293048947,5.55014120653863,50.5555555555556,180
"KRIPTO","Daily",-0.430183433651496,10.1924331143117,-1.27878387736418,-0.0422061571390108,2.19364938682789,39.2049054358109,40.7407407407407,918
"KRIPTO","Monthly",-12.7389803900669,61.2280351430496,-1.15841772268036,-0.208057964955176,0.700969218736176,5.51009639491403,29.0322580645161,31
"LARRY","Daily",-0.766758477247962,27.4248670641274,-0.61062312096354,-0.0279585120852201,0.121010428174716,8.54448218656846,13.8364779874214,477
"LARRY","Monthly",-21.514340802781,74.1533541737955,-1.19624932120399,-0.290133076817498,0.517477973563896,4.75334471491989,29.4117647058824,17
"LEND","Daily",-0.213559633245959,5.29645491397901,-0.75971038511208,-0.0403212406627513,0.207145484642273,7.58297897424105,47.6056338028169,355
"LEND","Monthly",-6.31780581685965,26.7556301180133,-0.817978168997625,-0.236129958031008,-0.0583473324435852,2.37166141032847,25,12
"LINK","Daily",0.12932873011521,6.28127890036399,1.04094398660978,0.0205895538419278,-0.125026121012,11.605075729613,50.5868544600939,2556
"LINK","Monthly",3.93528850207709,33.928121099126,1.06305665377516,0.115988990094074,0.411776650320136,4.03023148576643,54.7619047619048,84
"LINK","Weekly",0.974097959699128,16.3536277672828,1.13798085992028,0.0595646405532058,-0.261375886637971,5.3428711913858,53.4246575342466,365
"LNDRY","Daily",-2.65357493745403,20.2902203107109,-1.73992780030354,-0.130780982010986,-4.42950440968141,35.9202241032495,40.6779661016949,177
"LNDRY","Monthly",-78.2804606548939,185.161407024053,-1.03556777039179,-0.422768771921921,-0.884735996632838,3.10672250584298,16.6666666666667,6
"LRC","Daily",-0.0334466398379994,7.09536315108488,-0.23831879272427,-0.0047138728668011,0.561293311357561,11.0525635829267,50.0782472613459,2556
"LRC","Monthly",-1.01773346935627,41.0344305335936,-0.227313531586455,-0.0248019396424444,0.888152988262266,4.52068818236072,42.8571428571429,84
"LRC","Weekly",0.377980820958106,19.4164006248535,0.345506575056032,0.0194670901296855,0.903692942168589,7.97633984543328,48.8888888888889,315
"LSK","Daily",-0.122994170922672,5.82369632046292,-1.06774177264076,-0.0211196058576241,-0.255384783511695,11.8472909851032,49.3740219092332,2556
"LSK","Monthly",-3.74253691521847,29.9389897961457,-1.14569388091799,-0.125005450775105,0.341717495207726,3.72311877505136,42.8571428571429,84
"LSK","Weekly",-0.858942898574731,14.9533522988589,-1.09892048916319,-0.0574414941484577,-0.088489423540216,5.90682603369751,49.4535519125683,366
"LTC","Daily",-0.0312391309455393,4.90078581612566,-0.322265374583226,-0.0063743105937724,-0.523513484013352,11.270458131691,50.7824726134585,2556
"LTC","Monthly",-0.950562127342839,23.4925161710585,-0.370843452407469,-0.0404623378960948,0.0113959758331908,2.42647988336149,51.1904761904762,84
"LTC","Weekly",-0.218161799718027,12.9942379066258,-0.321194748876865,-0.0167891184758736,-0.206401426901666,5.36151618968656,50.8196721311475,366
"MAGE","Daily",-0.499511340149707,30.0505409367762,-0.532694582378849,-0.0166223743259942,-0.196214254323805,39.5000294184876,46.8354430379747,1027
"MAGE","Monthly",-14.65708989525,56.3384890790657,-1.53913451755281,-0.260161217221857,-0.788244335171006,5.57848923914042,40,35
"MAID","Daily",-0.0448996113053577,8.75747455508008,-0.259205445978863,-0.00512700448319454,-0.510073774219126,16.5974440764931,50.1564945226917,2556
"MAID","Monthly",-1.36623102972016,32.7273484363344,-0.382607049432652,-0.0417458515583057,0.237186956397701,2.45952577979801,48.8095238095238,84
"MAID","Weekly",-0.0364973501116836,17.5536020665739,-0.0208956445367634,-0.00207919434274877,0.122742068717606,3.07758005638706,53.4653465346535,101
"MANA","Daily",0.060161287785073,6.94280547353896,0.438089204736822,0.00866527054723988,1.20607804824535,23.4207414393532,50.6651017214398,2556
"MANA","Monthly",1.83062204260293,38.5314843066423,0.435434254871746,0.047509772217297,1.53780267115542,6.1958879013206,41.6666666666667,84
"MANA","Weekly",0.561967298693372,19.007908579134,0.554687068979344,0.0295649201148975,1.92127683221216,16.3069086484583,50,352
"MCO","Daily",-0.0129429026903419,10.8294829030276,-0.0455414940558374,-0.00119515426601979,3.90377294578511,68.4905162628664,48.8980716253444,1452
"MCO","Monthly",-0.391522806382823,46.6176417196373,-0.0581871899102388,-0.00839859743951607,1.96672525356774,10.7288182835511,39.5833333333333,48
"MCO","Weekly",-0.090351416857575,25.230508811146,-0.0516464679692697,-0.00358103823961174,1.48331778961122,12.4132137211792,50,208
"MED","Daily",-0.0537569431397215,7.28314989253332,-0.373160564530847,-0.00738100189244122,1.17894578856224,22.7123493456653,49.1392801251956,2556
"MED","Monthly",-1.63574698410865,41.0025607377893,-0.365632498926592,-0.0398937762587373,1.64050757833474,11.4093207851847,45.2380952380952,84
"MED","Weekly",7.06817865934769,30.1701727082663,1.82976215009519,0.234277036717496,1.25742690489291,5.24912927014831,55.7377049180328,61
"MILKBAG","Daily",-0.726724982406245,11.1785528659094,-0.827450480134742,-0.0650106495110379,0.51868732680849,5.19806046458627,40.7407407407407,162
"MILKBAG","Monthly",-19.6215745249687,57.2472229017352,-0.839566412132625,-0.342751552484023,0.20633634434454,1.47068637333308,33.3333333333333,6
"MONA","Daily",-0.141251169637644,5.61621966338485,-1.27153521301458,-0.025150577809222,2.20003292109896,33.9445698421296,45.0312989045383,2556
"MONA","Monthly",-4.29807130468829,25.8946721413333,-1.52125788568007,-0.165982843158986,0.52813984988376,4.70156346654415,40.4761904761905,84
"MONA","Weekly",-0.90133196267068,18.5858286839003,-0.735473044857529,-0.0484956564487998,1.62312359959898,13.3536940374371,40.4347826086956,230
"MONKEYS","Daily",-1.2045252242711,26.3352546297477,-0.596352216798037,-0.0457381271305611,1.59680767242011,17.8333615765679,21.1764705882353,170
"MONKEYS","Monthly",-25.5961610157609,124.60131562758,-0.581028183705023,-0.205424484379162,1.89542715920059,5.1862232062504,12.5,8
"NANO","Daily",-1.37017795165842,31.3832125441796,-0.482235848626154,-0.0436595823238159,-7.23697595965716,67.1810777703306,50,122
"NANO","Monthly",-33.4323420204655,184.134617245475,-0.405990956633227,-0.181564675456413,0.674572249841926,2.24684181765347,20,5
"NAS","Daily",-0.298422690721532,6.7323727408079,-2.24101164734277,-0.0443265253144199,-0.245681631565569,11.2865335432339,48.8262910798122,2556
"NAS","Monthly",-9.08057616052663,32.3864255548877,-2.56974500251046,-0.280382166446158,0.552037407533437,3.62765117727832,36.9047619047619,84
"NAS","Weekly",-1.70104383866751,19.0401384946239,-1.34900272418746,-0.0893398878977594,-0.535572153308943,5.49915247390669,47.8070175438597,228
"NAV","Daily",-0.179099178701819,7.40348450453088,-1.22303207610214,-0.0241912005883461,0.302400325710465,15.9538222828919,47.7699530516432,2556
"NAV","Monthly",-5.44973215192675,33.104486650815,-1.5087870334231,-0.164622161624505,-0.207213188726846,3.43699646264089,44.047619047619,84
"NAV","Weekly",0.355730632633204,20.6638352282022,0.164221884207885,0.0172151311073029,0.180539026017259,3.8324339250233,54.945054945055,91
"NEBL","Daily",-0.280751549545447,8.83229830240464,-1.60704803519411,-0.0317869188667474,-0.0715163716899842,29.4842681302509,48.3568075117371,2556
"NEBL","Monthly",-8.54286857902574,47.9017251454075,-1.63452743284752,-0.17834156396442,-0.561773236517455,4.207517549989,46.4285714285714,84
"NEBL","Weekly",-0.3124059886668,23.1982696724108,-0.19468697665062,-0.013466779767559,-0.25617248786256,5.98291967246967,51.1961722488038,209
"NEO","Daily",-0.11136415450061,263.788676057817,-0.0301875016854827,-0.000422171854246699,0.00110426347718477,1.38075717527968,49.9902210052807,5113
"NEO","Monthly",-6.77863002335196,30.5584692624262,-2.03305898102072,-0.221824920781839,-0.132912524248863,2.97440544967221,38.0952380952381,84
"NEO","Weekly",-1.55575115290045,14.9220511013415,-1.99458317488661,-0.104258532713414,-0.531183950274601,5.22457328474061,49.7267759562842,366
"NULS","Daily",-0.0669415777694512,6.77710574537618,-0.499381105914987,-0.00987760561580782,0.532178695676021,16.5364411639774,50.1564945226917,2556
"NULS","Monthly",-2.03693658069903,34.064416903665,-0.548044963944386,-0.0597966078932023,0.388917082007889,3.5621723540741,45.2380952380952,84
"NULS","Weekly",-0.41259901873674,17.619693561603,-0.43996405131167,-0.0234169236425245,0.0680618347972784,8.287714959932,50.4249291784703,353
"NXS","Daily",-0.158064772579502,7.88380291620141,-1.01363070216854,-0.0200493054252631,1.44082066004457,39.0383212453542,45.8137715179969,2556
"NXS","Monthly",-4.80968522277629,40.4615009036554,-1.08946757337376,-0.118870657671074,0.923096521709336,7.3629894436428,34.5238095238095,84
"NXS","Weekly",-0.777070853456169,23.3522367678048,-0.372037862783521,-0.0332760780555077,1.81193131192633,13.2397759825836,44.8,125
"NXT","Daily",-0.251156492188704,13.726164114487,-0.925072235201103,-0.0182976460206843,0.0152673295695109,326.621599647139,46.2050078247261,2556
"NXT","Monthly",-7.64233326231343,32.196395087761,-2.17549639114368,-0.237366116345695,-0.349263352218745,5.21406507505931,36.9047619047619,84
"NXT","Weekly",-2.64474422808619,21.0521131549991,-0.784549384143507,-0.125628444451818,0.807670164661852,3.19732565871283,43.5897435897436,39
"OMG","Daily",-0.160104917507629,6.45336115000075,-1.25429336711568,-0.0248095393681184,0.0603252399545711,11.9858955898774,49.2957746478873,2556
"OMG","Monthly",-4.87176391844643,36.5072282114835,-1.22305789937856,-0.133446557219427,0.574353692901273,3.4677853031794,39.2857142857143,84
"OMG","Weekly",-1.11810975177459,17.8242207083581,-1.20009168525298,-0.062729797283664,0.595897619509482,8.66960160626663,46.7213114754098,366
"OMNIA","Daily",0.303507232190464,33.1290786345038,0.284149713515287,0.00916135445657587,20.4608417331977,563.934354422,36.7983367983368,962
"OMNIA","Monthly",9.12418616772584,156.526320483759,0.329747681645752,0.0582917054430635,4.3227274828597,23.1906560311533,31.25,32
"PAC","Daily",-0.0364459398703165,25.7003224408181,-0.0716953529307608,-0.0014181121639327,-0.723875037955809,171.087413864625,43.3881064162754,2556
"PAC","Monthly",-1.1089978846253,69.5936601069881,-0.146049704643456,-0.0159353292084424,4.34227606874575,30.6527629191827,38.0952380952381,84
"PART","Daily",-0.194218303206834,10.3957282817797,-0.944529791749891,-0.0186825105411072,0.328564504606985,18.0773596293586,47.1439749608764,2556
"PART","Monthly",-5.9097855118651,32.3333100075359,-1.6751789063825,-0.182777003359313,0.186033046858994,3.52532295725477,41.6666666666667,84
"PART","Weekly",0.065011374853398,25.2373266333552,0.0210854756959951,0.0025760008497681,1.22090710805128,5.1958768395758,43.2835820895522,67
"PAY","Daily",-0.242441613408757,11.6654981416065,-1.05071347371612,-0.0207827913103906,0.62360460633185,77.2148794338253,47.339593114241,2556
"PAY","Monthly",-7.37715195086647,34.9853679551507,-1.93259978122137,-0.210863923464334,0.338817135948879,8.04207378940156,42.8571428571429,84
"PAY","Weekly",-0.205466877857826,22.3371627937776,-0.109225330798015,-0.00919843221606744,0.628182655810425,4.7064042422303,46.8085106382979,141
"PEANUT","Daily",-2.53098688298993,27.0277255863848,-0.713172174741888,-0.093644094280168,0.0326258649319027,6.41881611898851,8.62068965517241,58
"PEANUT","Monthly",-73.398619606708,103.80132330727,-1,-0.707106781186547,NA,NA,0,2
"PEEZY","Daily",0.03024709794074,15.649708761249,0.0311647844003473,0.00193275788081349,1.1188604543434,5.60053112410466,41.1538461538462,260
"PEEZY","Monthly",0.873805051621431,104.202463490746,0.025156940316455,0.00838564677215168,1.01565131482522,2.5163455222186,22.2222222222222,9
"PHX","Daily",0.0981805880526132,11.367657944409,0.325116908786262,0.00863683518036379,7.36585638710682,110.474738306172,51.2350035285815,1417
"PHX","Monthly",2.89837277646986,48.859468272287,0.410985144590096,0.0593205959655072,1.26870252794691,6.55985549557435,43.75,48
"PHX","Weekly",24.7489984592575,20.7012821823918,1.69073436939107,1.19552973778159,NA,NA,100,2
"PINO","Daily",4.62452357483864,18.8841570137256,1.95911252865665,0.244889066082082,0.80367939727646,3.30935132703825,50,64
"PINO","Monthly",98.6565029298912,59.009254030857,2.8957843710799,1.67188188615809,0.151874098578173,NA,100,3
"PIVX","Daily",-0.13871421821458,6.85599196501323,-1.02289511216736,-0.0202325526229395,0.26088593385346,16.1484064399025,48.7871674491393,2556
"PIVX","Monthly",-4.22087549710081,31.7576148865918,-1.21813187378976,-0.132909083763809,0.0919050131807753,2.6686876428113,44.047619047619,84
"PIVX","Weekly",-0.310971549547433,16.7548612870373,-0.314974985717656,-0.0185600790254242,0.246510983478582,5.48940902250092,54.5138888888889,288
"PLR","Daily",-0.169038109417231,8.69288446963418,-0.983107804296471,-0.0194455718361047,-1.54267192293039,44.4773029392142,49.3740219092332,2556
"PLR","Monthly",-5.14358818655288,41.182813181129,-1.14469509913713,-0.124896474748593,0.681282087355339,6.57432600514675,44.047619047619,84
"PLR","Weekly",5.51084982335652,39.7242520759523,0.438695164143639,0.138727591719533,0.71376021872635,2.2880856324057,40,10
"POE","Daily",-0.395291107664617,13.3683467025657,-1.46001122597407,-0.0295691843172164,-1.2853411355411,24.3740542031779,38.9253486464315,2438
"POE","Monthly",-11.8977743269918,55.8760431736989,-1.91638424736076,-0.212931583040084,-0.0754842865435908,5.36271378020981,37.037037037037,81
"POE","Weekly",3.05587930778053,33.8742368642226,0.382739187249676,0.0902124915766912,0.511994476266855,2.81676534800508,50,18
"POWR","Daily",-0.0528258666136675,6.74047150465452,-0.396220350766765,-0.00783711741488552,-0.29518889136057,19.4613387385056,52.0735524256651,2556
"POWR","Monthly",-1.60741565553018,32.3698427856464,-0.45512138959108,-0.0496578147189194,0.6085632034804,3.88695216614531,42.8571428571429,84
"POWR","Weekly",-0.227560101358431,17.9213485901055,-0.230665371411848,-0.012697710789693,0.2611450559284,8.4705282712911,50,330
"PPT","Daily",-0.243429964116123,11.5874058634694,-1.06210692596242,-0.021008150312881,0.262049587199936,11.7934826263447,47.1439749608764,2556
"PPT","Monthly",-7.40722605096204,46.7748053837885,-1.45138707856375,-0.158359313099981,-0.35771311843835,3.36863744461009,46.4285714285714,84
"PPT","Weekly",-1.92877738531421,21.0870665012294,-1.34428952111396,-0.0914673164805431,-0.271132486877228,6.35887551880687,45.8333333333333,216
"PRICK","Daily",-1.69642602165808,34.437124011268,-0.71216593138331,-0.049261547541049,0.820322347152385,44.515283215207,35.4066985645933,209
"PRICK","Monthly",-50.6504340752196,186.965212589217,-0.716756077265207,-0.270908333019705,0.474550500330225,2.47656738667347,42.8571428571429,7
"PSSYMONSTR","Daily",-0.295044945531821,9.94002442732773,-0.468382220264677,-0.0296825171496224,0.769417260771676,8.35935181128649,41.7670682730924,249
"PSSYMONSTR","Monthly",-8.16291015971362,57.7577682275478,-0.423990248076463,-0.141330082692154,1.00277823233159,3.04314038202375,33.3333333333333,9
"QASH","Daily",-0.155594297191986,8.16344471837545,-0.963608548024336,-0.0190598825079015,-0.598129702056413,42.6657904932723,46.8701095461659,2556
"QASH","Monthly",-4.73451218598469,28.3572166750665,-1.53021086092998,-0.16695969284417,-0.330255004673905,3.41394395300541,41.6666666666667,84
"QASH","Weekly",-1.94296439582982,22.4295241493698,-0.600157725765961,-0.0866253061318028,1.18312089565823,5.81184427587076,41.6666666666667,48
"QSP","Daily",-0.192306053521713,7.50491516442754,-1.21842120653597,-0.0256240143037489,-0.0222147687845713,8.34685564052477,48.4741264927023,2261
"QSP","Monthly",-5.79738649350125,35.5042688936627,-1.41410713003727,-0.163287026437997,0.361507550703451,4.67973191751788,41.3333333333333,75
"QSP","Weekly",3.29548147493689,25.181782357231,0.827679891745168,0.130867681571816,0.317616984156243,2.51199322548397,55,40
"QTUM","Daily",-0.117699397627571,6.14772466351862,-0.967921766413263,-0.0191451966490976,-0.325476971592035,13.9241746158788,50.8998435054773,2556
"QTUM","Monthly",-3.58142452781039,31.3026975521622,-1.04860924315636,-0.114412648361771,0.134691951674109,2.13529933576934,41.6666666666667,84
"QTUM","Weekly",-0.821966285071236,15.8947534067111,-0.989329028967204,-0.0517130567577212,-0.223643984123499,5.24397083814947,47.8142076502732,366
"R","Daily",-2.47267274105361,53.2034538394621,-0.695585986169604,-0.0464757936301417,-0.538809087961785,17.1816075532887,44.6428571428571,224
"R","Monthly",-61.5420771106676,169.647119457806,-1.08829570417741,-0.362765234725804,-2.45163972524007,7.05595032267394,22.2222222222222,9
"R","Weekly",0.00649340324582337,0.530545799547344,0.0574064688573238,0.0122391002838275,1.15554002510956,5.68162195337293,45.4545454545455,22
"RCN","Daily",-0.232046254958988,6.95600668097501,-1.68653360032285,-0.0333591190465134,-0.183498715993541,14.7609773792545,48.3176838810642,2556
"RCN","Monthly",-7.06083604375207,35.5911263342733,-1.81825184942279,-0.198387541249367,0.242941976123969,3.33198062835464,41.6666666666667,84
"RCN","Weekly",-0.45701827503586,22.5969910060344,-0.13107129768517,-0.0202247403167004,-0.0407884034521341,2.65858613527784,54.7619047619048,42
"RDD","Daily",-0.194646171751013,48.5059627335271,-0.202876228429022,-0.00401282977971849,1.94536212394866,160.805619857484,46.0876369327074,2556
"RDD","Monthly",-5.92280494042373,45.9490778049458,-1.18138179317404,-0.128899321234826,-0.0324860618339571,4.33510158688039,42.8571428571429,84
"RDD","Weekly",12.0714396493043,46.6018807093787,0.732656854596804,0.259033315084103,0.839078319864915,3.16483985290686,62.5,8
"RDN","Daily",-0.278409120701386,8.63447759829296,-1.63015093099229,-0.0322438870831546,1.14318822946104,22.700593816817,46.6744913928013,2556
"RDN","Monthly",-8.47159181562791,40.9611173893523,-1.89553963496,-0.206820329999837,-0.276941650463914,3.38964346676796,40.4761904761905,84
"RDN","Weekly",-0.924873510186624,19.7207443097434,-0.62040896218511,-0.0468985092884994,-0.194900373432302,3.88699906250621,48.5714285714286,175
"REP","Daily",-0.190490346535504,6.83800004267842,-1.40839442547624,-0.0278576111942945,0.314556166563487,19.0717864777341,48.9045383411581,2556
"REP","Monthly",-5.79634911600893,31.771183241473,-1.67209438670373,-0.182440454670967,0.27599004583448,3.32746759701375,41.6666666666667,84
"REP","Weekly",-1.45464080124024,16.6274049081219,-1.62965633621451,-0.0874845358778567,-0.347253824899672,6.50858717654472,44.956772334294,347
"REQ","Daily",-0.0709350181102395,7.34268102933111,-0.488412135326791,-0.00966064273075217,2.19977063496319,39.7115553032067,49.452269170579,2556
"REQ","Monthly",-2.15845126535443,35.5286915352461,-0.556804423689361,-0.06075234330578,0.710824802278933,4.99325642219086,46.4285714285714,84
"REQ","Weekly",0.283425891353157,20.4241011110763,0.18874803261532,0.0138770313470222,2.31935428371402,16.9356064367047,48.6486486486487,185
"RLC","Daily",0.00487197125433279,7.29924997231628,0.0337448036184388,0.00066746189989528,0.260044999182088,15.7691193691803,50.6651017214398,2556
"RLC","Monthly",0.148247125310401,34.6297418007852,0.0392352722236649,0.00428091916374149,0.168355464681454,3.10558049378128,51.1904761904762,84
"RLC","Weekly",0.515614687582141,18.2904165708541,0.513654059813356,0.0281904288830566,-0.0657392785967685,4.66942593902202,52.710843373494,332
"S","Daily",-0.208352296840372,32.9778965771826,-0.0625443925077312,-0.00631793772391569,-0.228545040282113,14.6808330836888,24.4897959183673,98
"S","Monthly",-3.40308751505936,36.5510069015598,-0.228060145767849,-0.0931051646326639,-1.07238266749166,3.25524288232202,66.6666666666667,6
"SALT","Daily",-0.297801218657661,9.45261952543035,-1.59277605385031,-0.0315046234386656,0.33286633022397,21.0243909011099,46.2050078247261,2556
"SALT","Monthly",-9.06166565344026,38.9424825639076,-2.13267188146644,-0.232693579269616,0.252639932281388,3.2877634295499,35.7142857142857,84
"SALT","Weekly",-5.72082567468682,22.131291752762,-2.05173952766932,-0.258494883109246,-0.380913303087663,2.72746217574947,41.2698412698413,63
"SAN","Daily",-0.151095976392247,6.85972063016697,-1.11359403320867,-0.0220265495547694,-0.936051634089823,16.1055645588619,47.4178403755869,2556
"SAN","Monthly",-4.59763471022123,32.4789609389004,-1.29739428037617,-0.141557321333965,0.0771685366254176,3.35565250336086,44.047619047619,84
"SAN","Weekly",-1.78446038477452,24.4267443260464,-0.556359260384699,-0.0730535498695884,0.187680123063168,3.18043503152765,44.8275862068966,58
"SC","Daily",-0.0688340985450664,6.39528504713822,-0.544156908942022,-0.0107632573118642,-0.404950191809229,15.0774387129328,49.8826291079812,2556
"SC","Monthly",-2.0945232842999,34.6943611284939,-0.553306715151984,-0.0603707120169366,0.338034919813444,3.62866941832748,47.6190476190476,84
"SC","Weekly",2.11161138843896,24.4285456278345,0.90246347281065,0.0864403235710004,0.810352949568585,5.84204258592509,54.1284403669725,109
"SHOG","Daily",-2.23558459859732,15.8782411237279,-1.71285095417002,-0.140795481135284,1.04787919176472,10.9655220011614,39.8648648648649,148
"SHOG","Monthly",-66.1733041184809,97.612478803887,-1.51587182415449,-0.677918488797211,-0.194357041245258,1.59744271455492,20,5
"SKY","Daily",-0.207145765876152,263.881845587899,-0.0561312151510225,-0.000784994380400268,0.00616281078932861,1.38992901562994,49.9902210052807,5113
"SKY","Monthly",-12.6087654871984,39.7819305192762,-2.90486768795877,-0.316947049140534,-0.653443563230516,6.05350918250974,34.5238095238095,84
"SKY","Weekly",-3.8057258574455,24.7440538750928,-1.55334074543106,-0.153803652249412,0.696659331051858,7.56645605746589,45.0980392156863,102
"SMART","Daily",-0.377858949081363,19.1726045697677,-0.996389223960248,-0.0197082742569672,-0.156931076222259,117.774247154638,45.5007824726135,2556
"SMART","Monthly",-11.4977080220472,40.916218775274,-2.57546366241314,-0.281006123395629,0.608470065919528,3.89147839464854,33.3333333333333,84
"SMART","Weekly",-1.17429704202363,59.216417556227,-0.0627098608062053,-0.0198305991899732,1.14746202768226,4.30293497059661,40,10
"SNM","Daily",-0.40240638584794,39.8808680775214,-0.359727000404558,-0.0100902113029669,-0.245103234734109,15.1018202579784,47.3642800944138,1271
"SNM","Monthly",-12.1775837241126,90.308632911986,-0.873889460003678,-0.134844071175131,-0.950195601808515,5.46763103631064,38.0952380952381,42
"SNM","Weekly",-0.364092212233967,46.0710286322117,-0.0646875767072146,-0.00790284530307628,1.95166122062115,19.5808182153793,38.8059701492537,67
"SNT","Daily",-0.0723546156322133,6.26300064007842,-0.584069071489033,-0.011552707686025,1.44627281029771,24.2933762051632,50.1956181533646,2556
"SNT","Monthly",-2.20164758995163,30.2177418184523,-0.667767750163878,-0.0728594348041984,0.417047122602825,3.16244244220681,46.4285714285714,84
"SNT","Weekly",0.0124932814932073,17.4721886585167,0.0123019815270718,0.000715038152196091,0.575668235514215,6.30059021804245,50.6756756756757,296
"SPIKE","Daily",0.027919019113587,82.228763438281,0.0105308622675154,0.000339528626555869,0.305929201912349,7.99641075037827,47.4012474012474,962
"SPIKE","Monthly",0.81388170870517,118.048980004635,0.0396055473104865,0.00689444083865199,0.224725444684626,3.228151602162,36.3636363636364,33
"STEEM","Daily",-0.103982737153327,6.32240650739428,-0.831494257182655,-0.016446702221965,0.164775760945919,17.892873052806,50.547730829421,2556
"STEEM","Monthly",-3.16404614480839,31.396110563461,-0.923648229076645,-0.100778283934658,0.742552834436245,5.45847378847762,45.2380952380952,84
"STEEM","Weekly",-0.56019427107558,15.8185390922927,-0.667246750634864,-0.0354137804892821,-0.0395524550879985,4.9431850024822,51.2676056338028,355
"STON","Daily",-0.542786229295052,13.8884076198099,-1.24940089983153,-0.0390819627529394,3.5806789183534,57.7644749583182,36.3013698630137,1022
"STON","Monthly",-15.8493578954155,62.2669258152808,-1.50587273407943,-0.254538949657379,0.355739869836856,4.62370957885816,22.8571428571429,35
"STORJ","Daily",-0.0611804237450713,7.20714137407981,-0.429170502065961,-0.00848886133482883,1.36213107514721,24.51191241988,50.9780907668232,2556
"STORJ","Monthly",-1.86163289395716,37.1349427270874,-0.459463407038221,-0.0501315676622608,1.22916450251339,5.7813421488182,42.8571428571429,84
"STORJ","Weekly",-0.065479413316663,18.9648516048186,-0.0636641271642794,-0.00345267206309307,1.42070883799818,11.3398950932862,49.7058823529412,340
"STORM","Daily",-1.78415342005545,10.655957394447,-3.55572358447087,-0.167432484385232,-0.992538995634845,22.3420081154636,43.9024390243902,451
"STORM","Monthly",-50.2908245278131,78.8394991230741,-2.55155474538495,-0.637888686346238,-0.809099840674102,3.92505830820681,25,16
"STORM","Weekly",-67.6385401977289,38.669578598614,-3.49828173199453,-1.74914086599726,0.557548752309881,1.95206751503652,0,4
"SUB","Daily",-0.302069657951027,20.6616567524463,-0.739132648554763,-0.0146198178379506,-0.324619602868285,25.5066960954835,43.1533646322379,2556
"SUB","Monthly",-9.19154816336702,42.4648800490615,-1.98380238746925,-0.216450585819332,0.150468281608638,4.34009789318699,36.9047619047619,84
"SUB","Weekly",-5.98810188831787,24.4804938731134,-1.3837065456644,-0.244607070402878,1.20112797416503,5.24600048962048,34.375,32
"SYS","Daily",-0.0747601032782832,7.1539847976975,-0.528326390196154,-0.0104501344904094,0.607342995199105,14.6839809636471,50.3912363067293,2556
"SYS","Monthly",-2.27484314261062,39.6506949478721,-0.525823868099634,-0.0573720875662154,0.428215468564508,3.5473498865589,44.047619047619,84
"SYS","Weekly",0.285106975058593,18.9206632368351,0.228525887601101,0.0150685507949606,0.0973555134050202,5.16072837382618,52.1739130434783,230
"TERMINUS","Daily",-2.3963094398194,21.3687233908374,-1.07561842988013,-0.112140973327723,0.0183900708253621,6.33378714856984,15.2173913043478,92
"TERMINUS","Monthly",-73.4868228211282,60.1304993171581,-2.11677787908683,-1.22212227830543,-0.126853212647417,NA,0,3
"THALES","Daily",-0.287061633219243,4.53493905079526,-2.19094818039295,-0.0632999980824226,-0.468331869425716,11.1545413668486,44.9081803005008,1198
"THALES","Monthly",-8.59749591491634,28.968265543174,-1.87706573074654,-0.29679015135037,0.472783205648863,4.06052653652781,32.5,40
"TNB","Daily",-0.374756615612019,9.62477666536153,-1.76808434093845,-0.0389366557419171,-2.31351289630802,54.7693126033952,49.6605237633366,2062
"TNB","Monthly",-11.3639432557645,49.3207739112703,-1.90000012778938,-0.230408859281255,-1.05380952110835,6.43601320198378,42.6470588235294,68
"TNB","Weekly",-1.5015899886237,33.5486987672753,-0.20016617110473,-0.044758516538603,0.682742321099731,3.28085938517127,45,20
"TRX","Daily",0.0623157962168558,5.59293371027267,0.563298897528716,0.011141879994465,1.41445358965895,33.9936539397926,52.4647887323944,2556
"TRX","Monthly",1.8961806563129,24.6897765708616,0.703885785594348,0.0768002355497514,0.703149350571721,5.45617140856627,53.5714285714286,84
"TRX","Weekly",0.435189003088208,14.6926675779021,0.566653795994743,0.0296194684035959,1.38868955879864,17.7759356553412,54.0983606557377,366
"UBQ","Daily",-0.329405409113523,9.95213032713219,-1.54221379469466,-0.0330989846681845,-1.85737258592258,81.7403970911472,46.1077844311377,2171
"UBQ","Monthly",-9.93248809979803,34.27816706335,-2.45870661979398,-0.28976135396743,0.0362559302157554,2.93990212846285,37.5,72
"UBQ","Weekly",-5.41075060381914,21.4172573462785,-1.23765409272778,-0.25263508377086,0.429695605476527,2.87800710374989,41.6666666666667,24
"USDT","Daily",-0.000359056403810007,0.332831969479132,-0.0545403683472342,-0.0010787918130939,0.389145029036015,63.371510477427,48.5915492957746,2556
"USDT","Monthly",-0.0109255734302189,0.446452998315276,-0.224289085049083,-0.024471945471186,0.503632814780603,11.947973451401,47.6190476190476,84
"USDT","Weekly",-0.00250750865611573,0.366006167601636,-0.131067368450066,-0.00685100109800589,0.768900808523696,10.4431986770026,47.2677595628415,366
"UTK","Daily",-0.064545301347515,7.27799063874269,-0.448366921562504,-0.00886856064418702,0.663380175357821,11.7197401341178,49.2957746478873,2556
"UTK","Monthly",-1.96402131243154,35.916522274487,-0.501177494966839,-0.0546829477927116,0.844812529043074,3.79625989232725,39.2857142857143,84
"UTK","Weekly",0.304443329340546,19.197522978152,0.234147493647862,0.0158584693289349,0.110412033918644,4.79381889145347,53.6697247706422,218
"VEE","Daily",-0.0774830234996795,15.2922584256709,-0.256162383362888,-0.00506681363490496,3.59842828914437,347.484274437246,48.4741784037559,2556
"VEE","Monthly",-2.35769771506167,40.8841617789931,-0.528533680279386,-0.0576677523146161,0.337870487181867,3.24162123527377,48.8095238095238,84
"VEE","Weekly",1.69000298060077,51.3881586580338,0.0986610354253213,0.0328870118084404,1.34090365999123,3.96095631245077,44.4444444444444,9
"VEN","Daily",-0.346214136391977,14.5184013172165,-0.884897503528869,-0.0238465743457183,4.41372551147125,173.431487130425,41.6848220769789,1377
"VEN","Monthly",-10.3638449089512,56.6564164303953,-1.24065411289814,-0.182924469317321,1.15637407944948,10.2563634666986,28.2608695652174,46
"VEN","Weekly",4.22056946287836,60.3455722719173,0.328047688982256,0.0699400022898194,3.59569491598916,16.1868921224824,36.3636363636364,22
"VENTION","Daily",-0.424420763223917,11.6683757539726,-1.2813627853065,-0.0363735940779435,1.35622630676182,182.491496613049,25.3827558420629,1241
"VENTION","Monthly",-12.8464918819727,53.2710818608397,-1.54413390271153,-0.241153200446195,0.22246068493893,6.46815683083188,21.9512195121951,41
"VERI","Daily",-0.0967439932296195,12.254537700011,-0.399123686211616,-0.00789454450244441,0.419545400732779,12.1091346083449,48.6697965571205,2556
"VERI","Monthly",-2.94378150827271,45.4502949853471,-0.593619979602777,-0.0647692497754254,2.08019098445946,10.2960065937186,39.2857142857143,84
"VERI","Weekly",-0.307618907596174,24.340919300597,-0.196600098941069,-0.012637933013016,1.37621370660346,9.13013914094132,45.4545454545455,242
"VGX","Daily",-0.220232943842286,8.64982034644537,-1.28722842473734,-0.0254609847397339,1.09390275698623,16.3080806880927,45.8920187793427,2556
"VGX","Monthly",-6.70137386262956,53.0906853232714,-1.15687159804801,-0.126225039699989,1.86384184744388,12.7108475379834,44.047619047619,84
"VGX","Weekly",-0.885055921102277,24.9620813499015,-0.579356052509349,-0.0354560146125703,1.26926846238344,7.4837945824665,41.1985018726592,267
"VIZION","Daily",-1.11143569930637,11.8090839172179,-1.58887804281162,-0.0941170125555525,1.52302044735005,12.9390430418396,38.5964912280702,285
"VIZION","Monthly",-31.6759174302315,47.9448266890815,-2.0892357522646,-0.660674354621143,0.0575790429658213,1.70403113967218,30,10
"VTC","Daily",-0.191983885264616,7.16317246830124,-1.35500155421465,-0.0268015165227685,0.906511260685385,18.8769260931916,47.339593114241,2556
"VTC","Monthly",-5.84179536590904,34.9668823733212,-1.5311899512749,-0.16706652035888,0.023356868750779,3.35778351369332,40.4761904761905,84
"VTC","Weekly",0.069614436615401,18.6925480844344,0.0449994529504632,0.00372418122456885,0.0491977887072832,4.08747635320896,50,146
"WABI","Daily",-0.373555476386371,14.8004255722394,-1.14582923881863,-0.0252395091318884,0.468064795351307,81.3205221673581,48.2290150412421,2061
"WABI","Monthly",-11.3220270122399,60.4424392678543,-1.54467337298178,-0.187319160996558,-1.79792963367318,13.3618311812082,39.7058823529412,68
"WABI","Weekly",1.59933030240771,22.6712255524321,0.88392006884237,0.0705445013860813,-0.0739810130104322,3.60721369173667,50.3184713375796,157
"WAP","Daily",-3.12200381418729,7.1662533014653,-5.68022756615091,-0.435653567192346,-1.16249698411545,5.11261416899664,27.0588235294118,170
"WAP","Monthly",-88.4567747353065,58.1457587174185,-3.72639324300204,-1.52129367105167,-1.06076054599966,2.8178120303914,0,6
"WAVES","Daily",-0.0827841035502039,6.39157299251003,-0.654816511837933,-0.0129520704288623,0.399239851546888,13.2429128074792,50.2347417840376,2556
"WAVES","Monthly",-2.51900200802765,41.6818342951045,-0.553887206393325,-0.0604340488039295,0.241908037707331,4.55275846500647,44.047619047619,84
"WAVES","Weekly",-0.578131608399785,17.4208846626758,-0.634887902112643,-0.0331861222661344,0.100150703496827,5.73763816638712,47.2677595628415,366
"WAXP","Daily",-0.117950318097185,7.05169084602031,-0.845641479000663,-0.0167265299447652,0.872608978769107,24.7080209438749,49.7652582159624,2556
"WAXP","Monthly",-3.58905967924292,38.486943800435,-0.854686604326256,-0.09325395380452,1.07179738379598,5.15263971808635,40.4761904761905,84
"WAXP","Weekly",0.291500156076918,19.6415817570691,0.234186580975897,0.014840971551184,0.327648421451434,6.28913526968518,51.004016064257,249
"WINGS","Daily",-0.237012671944429,13.0351819130557,-0.919252658811413,-0.018182536578722,0.904031219536731,56.0903203577161,47.7699530516432,2556
"WINGS","Monthly",-7.21195701773766,43.2499854112581,-1.52829364580308,-0.16675050752411,0.994004685363423,6.82257835293257,40.4761904761905,84
"WINGS","Weekly",-3.53772035573514,23.0697674664598,-0.932784123369461,-0.153348765256455,0.23496559058053,2.38809367682804,51.3513513513513,37
"WTC","Daily",-0.227457342507543,22.9257379893895,-0.50159946062306,-0.00992148399378963,0.0194778852877979,38.9789965815919,49.7652582159624,2556
"WTC","Monthly",-6.92120199344378,46.9112786946944,-1.35220923059693,-0.147538122729248,-0.159344287049801,5.75328493326802,44.047619047619,84
"WTC","Weekly",-1.51489349416626,20.0799470301283,-1.28474973448277,-0.075443102110443,0.17301772566978,9.3292563632284,48.2758620689655,290
"XBY","Daily",-0.209077815743495,18.321405870081,-0.576938582834465,-0.011411668800205,3.16390012797681,80.0823600416219,52.9733959311424,2556
"XBY","Monthly",-6.36193925048063,67.0025909085722,-0.870237039693584,-0.0949506454035748,-0.774683390193464,6.70968150824167,50,84
"XBY","Weekly",2.88322231507478,56.8575409995004,0.101419170241643,0.0507095851208217,1.13046250169527,2.31324538432988,25,4
"XDN","Daily",-0.269765282384713,13.6131105062463,-1.00186478553912,-0.0198165791911358,0.0180857807681222,7.86867058729084,42.6838810641628,2556
"XDN","Monthly",-8.20857216399199,47.0260878030555,-1.59981002232368,-0.174553583924934,0.48403692256263,4.64630033652107,41.6666666666667,84
"XDN","Weekly",3.53967622546632,68.221516702835,0.137274916578958,0.0518850415021516,1.53176689150919,3.98167326260833,28.5714285714286,7
"XEM","Daily",-0.147841041420328,5.75738330668996,-1.29822597309011,-0.0256785128842368,-0.132435116738316,11.0815541704383,50.8607198748044,2556
"XEM","Monthly",-4.49859168893283,33.8195552672155,-1.21912525296973,-0.133017470318238,0.634805932105266,4.16855066900123,42.8571428571429,84
"XEM","Weekly",-1.01669254539738,15.0168522295154,-1.26299128558144,-0.067703439433138,-0.471089113302401,6.00699204016061,47.4137931034483,348
"XLM","Daily",-0.0144638295412512,5.4256331824757,-0.134776226010175,-0.00266583254982442,1.15685960906621,19.1817014350415,49.6087636932707,2556
"XLM","Monthly",-0.440113670326644,34.0022340693559,-0.118630687886144,-0.0129436692138794,2.0545524938785,10.3942349862787,42.8571428571429,84
"XLM","Weekly",-0.101009694829064,14.7933108852034,-0.130628583515702,-0.00682806544207058,1.50529504922015,12.1439817386002,45.9016393442623,366
"XMR","Daily",-0.0241994359772522,4.85534744927109,-0.251979584284537,-0.00498407914780335,-1.35779530762558,19.1695276751005,52.8560250391236,2556
"XMR","Monthly",-0.736354266164967,21.3202202655409,-0.316544493534951,-0.0345378357725089,-0.219908249266627,3.85981002797995,46.4285714285714,84
"XMR","Weekly",-0.168999339775567,11.7102387269763,-0.276095801112546,-0.0144317587126769,-0.897958539504385,6.82616958156254,52.7322404371585,366
"XP","Daily",-0.539618658200846,7.9249437837848,-2.12396417711886,-0.068091165429458,1.07855832070831,16.1420751002091,42.8571428571429,973
"XP","Monthly",-15.9105743766492,35.4480630479664,-2.57840015476692,-0.448841855057634,0.0604655094928433,3.32635554431223,27.2727272727273,33
"XP","Weekly",-5.19550745846027,28.9016470378141,-0.803933965391267,-0.179765099603584,1.54706826354374,6.46685841788205,30,20
"XRP","Daily",-0.00544972056531824,5.50494991290623,-0.0500496779427606,-0.000989967329682963,0.364572807593846,19.8138553796505,49.2957746478873,2556
"XRP","Monthly",-0.165827211487533,35.5117679630761,-0.042797967688638,-0.00466964110770138,0.923974096522883,6.26987875124694,42.8571428571429,84
"XRP","Weekly",-0.0380587042758293,14.9773405101835,-0.0486138299572666,-0.00254108559860491,0.931283936380794,10.030076113946,48.3606557377049,366
"XVG","Daily",-0.0968144704849328,7.17860777946365,-0.681836857712616,-0.0134865246102311,1.02188777103258,14.8127102977174,49.3740219092332,2556
"XVG","Monthly",-2.9459260304701,35.5904759603788,-0.758625933600823,-0.0827728753543408,0.345807885741298,3.13011814353488,46.4285714285714,84
"XVG","Weekly",1.76315657414343,28.9246883990918,0.609568044369595,0.0609568044369595,0.923985164703684,4.95032593005245,48,100
"ZAP","Daily",-0.353030850156185,12.6268743753507,-1.4104597334222,-0.0279586887191456,0.772592372214263,10.414441689428,45.6188605108055,2545
"ZAP","Monthly",-10.6959942100892,56.7804496110689,-1.7264816829132,-0.188374595188202,1.43586637950163,6.90385129851218,30.952380952381,84
"ZAPO","Daily",-3.23686692475212,13.0310127725316,-1.49038312581899,-0.248397187636498,2.06265065959858,11.2731049782348,30.5555555555556,36
"ZAPO","Monthly",-58.2636046455382,45.7518477400773,-1.80095851757888,-1.2734699804157,NA,NA,0,2
"ZCL","Daily",-0.307723390781878,12.3263289634966,-1.26213898093253,-0.0249647232110367,0.143515303087508,22.4069459587226,46.6744913928013,2556
"ZCL","Monthly",-9.36358317664855,50.5512033446104,-1.69765805140154,-0.185229679159495,-0.560718632013599,5.80052944353268,39.2857142857143,84
"ZCL","Weekly",-4.78805286641382,44.7869766214502,-0.821170230495316,-0.106907258038057,-1.71837034409146,15.3758695037027,37.2881355932203,59
"ZEC","Daily",-0.0911808860367741,5.52107935872606,-0.834949565775554,-0.0165150471696558,-0.546067063614329,10.1229841929906,48.943661971831,2556
"ZEC","Monthly",-2.77450410369042,29.1569845725151,-0.872132372914323,-0.0951574432119367,0.325970725070983,2.96098984249947,40.4761904761905,84
"ZEC","Weekly",-0.636771433633866,14.8818958627678,-0.818588904363005,-0.0427883274755988,-0.365893189560842,5.63725361752893,48.6338797814208,366
"ZEON","Daily",-0.121771396211329,24.1632352098668,-0.230058911956426,-0.00503953196472652,-0.539357000724797,24.2365453174033,46.0652591170825,2084
"ZEON","Monthly",-3.62530842434871,70.2067862898146,-0.432030976320282,-0.0516375783016671,-0.0225329939336865,4.42668488770747,50,70
"ZRX","Daily",-0.0256044940253099,6.421034456937,-0.201600508114928,-0.0039875964218893,0.22943037736051,9.75271280835993,49.5696400625978,2556
"ZRX","Monthly",-0.779108175341584,33.3699116025677,-0.213984515786791,-0.023347624789082,0.245703468239686,2.62462633267383,45.2380952380952,84
"ZRX","Weekly",-0.17881171237348,17.4406999120672,-0.196142901427676,-0.0102525536976736,0.545265276298809,6.41342529775767,50.5464480874317,366
