"week","UniqueAddresses","Transactions","Payments","TransactionVolumeUSD","PC_network"
2009-01-04,35.3333333333333,0,0,-100,-0.00468132788562243
2009-01-11,111.666666666667,0,0,6616.66666666667,-0.00492157837603491
2009-01-18,202,54,0,-1850,-0.00480335331484698
2009-01-25,113.333333333333,-38.6666666666667,0,3133.33333333333,-0.0060681568028647
2009-02-01,129,-2.33333333333333,0,-850,-0.00546167881112292
2009-02-08,136,14,0,-275,-0.00539692898560162
2009-02-15,121.5,-14.5,0,-675,-0.00579122649686283
2009-02-22,107.5,-14,0,-800,-0.00571692570222737
2009-03-01,117,9.5,0,1575,-0.00525582227295718
2009-03-08,117.666666666667,-7,0,-25,-0.00554733578843714
2009-03-15,124.666666666667,8.66666666666667,0,-350,-0.0054288893614634
2009-03-22,107.666666666667,0.666666666666657,0,450,-0.00555853488446527
2009-03-29,113,-8.66666666666666,0,-150,-0.00552786157941894
2009-04-05,115,10.3333333333333,0,-1566.66666666667,-0.00548100204480599
2009-04-12,122.333333333333,-3.33333333333333,0,366.666666666667,-0.00547268507337908
2009-04-19,115.666666666667,-23.3333333333333,0,300,-0.00563055603430219
2009-04-26,130,31.6666666666667,0,173.333333333333,-0.00524833135772417
2009-05-03,101.666666666667,-49,0,26.666666666667,-0.00591610144785177
2009-05-10,134.666666666667,46.3333333333333,0,1200,-0.00504236976974297
2009-05-17,83,-23.3333333333333,0,-5750,-0.0059691035069297
2009-05-24,109,8,0,3666.66666666667,-0.00521740225208188
2009-05-31,78.6666666666667,-81,0,-1541.66666666667,-0.00615128948829706
2009-06-07,86,50,0,625,-0.00494506306913881
2009-06-14,78,1.5,0,-400,-0.00555642973542884
2009-06-21,73,11.5,0,-275.51,-0.00545049736056548
2009-06-28,79.6666666666667,-1,0,575.51,-0.00544552846506896
2009-07-05,83,-13,0,-350,-0.00556800779206979
2009-07-12,61,-5,0,-3650,-0.00574897119871704
2009-07-19,74.6666666666667,2,0,1483.33333333333,-0.00537786762797926
2009-07-26,38.3333333333333,-45,0,-1033.33333333333,-0.00588827828425256
2009-08-02,80,68.3333333333333,0,6883.02,-0.0047065992332849
2009-08-09,34.3333333333333,-34,0,-6233.02,-0.00610635188527766
2009-08-16,20.3333333333333,-49.3333333333333,0,-500,-0.00586184211063257
2009-08-23,76.3333333333333,65,0,2750,-0.00489760885706347
2009-08-30,76,-11,0,-266.666666666667,-0.00557275312066946
2009-09-06,68,2.33333333333333,0,166.666666666667,-0.00552393955007463
2009-09-13,80.6666666666667,8.66666666666667,0,333.666666666667,-0.00538006619339984
2009-09-20,92,22,0,666.333333333333,-0.00533573079111595
2009-09-27,58,-36.3333333333333,0,-683.333333333333,-0.0058951251750637
2009-10-04,69,2.66666666666666,0,183.333333333333,-0.00542634580912665
2009-10-11,84.6666666666667,-5.33333333333333,0,-100,-0.00545599666617064
2009-10-18,81,2,0,4000,-0.00540829312222418
2009-10-25,46,-24,0,-4816.66666666667,-0.00595485746351555
2009-11-01,70,21,0,416.666666666667,-0.00525204997935058
2009-11-08,76.3333333333333,23,0,30816.6666666667,-0.00442151872065123
2009-11-15,88.3333333333333,-10,0,-15116.6666666667,-0.00587436693740546
2009-11-22,71,-3,0,-12116.6666666667,-0.0059673037307557
2009-11-29,106,30,0,-2933.33333333333,-0.00524681150282615
2009-12-06,112,12,0,2327.5,-0.0052243855407956
2009-12-13,199,87,0,2347.25,-0.00426305735456316
2009-12-20,161,-38,0,-1274.75,-0.00623566450615214
2009-12-27,161,-0.5,0,-1150,-0.0055482355023061
2010-01-03,153,-7.5,0,2475,-0.00551511147640423
2010-01-10,126,-27,0,-1897.5,-0.00592990702900101
2010-01-17,156.5,30.5,0,-27.5,-0.00496511138680181
2010-01-24,185.5,29.5,0,5300,-0.00491676055371763
2010-01-31,228,41,0,374.5,-0.00474732982227208
2010-02-07,235,8,0,175.49,-0.0053956824455759
2010-02-14,237.5,3.5,0,-3049.98,-0.00560024757732332
2010-02-21,178.5,-60,0,-649.01,-0.00631366763867952
2010-02-28,173,-5.5,0,8074,-0.00519694652385469
2010-03-07,154,-19,0,-8749,-0.00607984358364548
2010-03-14,163,10.5,0,5620,-0.0050493618870627
2010-03-21,201,40,0,-2496,-0.00507827824998256
2010-03-28,159,-43.5,0,462.1,-0.00623370741416789
2010-04-04,295,137,0,13275.15,-0.00319978042259025
2010-04-11,1790,1489,0,-2224.57,0.0207063183512868
2010-04-18,199,-1582,0,-2479.62,-0.0265828626032739
2010-04-25,170,-35,0,-6797.29,-0.00640751149760713
2010-05-02,172.333333333333,12,0,6919.49666666667,-0.00514528473244727
2010-05-09,157.666666666667,-40,0,1205.67333333333,-0.0057622306611463
2010-05-16,225.666666666667,103.666666666667,0,32566.59,-0.00392582538432812
2010-05-23,233,0,0,-36489.0066666667,-0.00655485925816823
2010-05-30,190.333333333333,-55.6666666666667,0,5260.81,-0.00586877301326874
2010-06-06,230.333333333333,42,0,-4470.55333333333,-0.00520078923731862
2010-06-13,205.333333333333,-2.66666666666666,0,47144.01,-0.00444527627922822
2010-06-20,199,-1.33333333333334,0,-35264.1233333333,-0.00659421123952334
2010-06-27,223.666666666667,58,0,14980.93,-0.00460753972007473
2010-07-04,1271.33333333333,22,0,-24017.5966666667,-0.000845063063621002
2010-07-11,1132,487,0,11175.88,-0.00354414283917858
2010-07-18,1202.5,-384,0,15562.105,-0.00770464942995407
2010-07-25,431,-116,0,3552.315,-0.0110112011975573
2010-08-01,422,120,0,-25930.29,-0.00575323758825327
2010-08-08,440,7.5,0,4319.73,-0.00517552539298054
2010-08-15,411.5,0.5,0,7276.605,-0.00537306083733839
2010-08-22,373.5,-84,0,-14509.99499955,-0.00686673903517765
2010-08-29,373,6.5,0,15037.98999955,-0.00469707397462485
2010-09-05,330,34.5,0,-19837.93,-0.00627153845676
2010-09-12,436.5,-19,0,36753.995,-0.00295903574542413
2010-09-19,709,171,0,36587.995,-0.00123733886852728
2010-09-26,672,144,0,-25577.0118789201,-0.00574666835423687
2010-10-03,484,-335,0,127580.52187892,-0.00425030643748154
2010-10-10,499,-13,0,-71042.145,-0.00903354355417493
2010-10-17,607,189,0,55352.553883075,-0.00144212220198933
2010-10-24,542,-79.5,0,-80649.028883075,-0.0107977167685919
2010-10-31,447,-9,0,40210.07,-0.0046585844455976
2010-11-07,457.5,-142.5,0,-78980.14,-0.010669018039378
2010-11-14,443.5,9445,0,-2504.3144560597,0.0601081572326974
2010-11-21,955,-7536,0,42855.2944560597,-0.0690869098647115
2010-11-28,537,-1732.5,0,-22149.4280249,-0.0210158871366061
2010-12-05,826.5,-89.5,0,-27712.576109255,-0.005293968627389
2010-12-12,913,126,0,43290.929420795,-0.00246597251041514
2010-12-19,711,122.5,0,-24428.8178059899,-0.00726764915050959
2010-12-26,785.666666666667,149.833333333333,0,-3510.17832807,-0.00412133098434257
2011-01-02,957,248.666666666667,0,-14298.5262440501,-0.00368433631119337
2011-01-09,1106,-58,0,38064.3314317433,-0.00420139586451469
2011-01-16,1703,64.3333333333333,0,-20805.9200089066,-0.00277222498509687
2011-01-23,2318.33333333333,-1.33333333333326,0,8410.94762471337,-0.00217365538860975
2011-01-30,1023,-71,0,22688.47607484,-0.0117127697619244
2011-02-06,3417.66666666667,958,0,70493.7270111467,0.0107042722582204
2011-02-13,2313,77.3333333333333,0,36489.9592404,-0.00951824351689228
2011-02-20,2769,-74.8333333333333,0,-26552.2437767267,-0.00442613338178841
2011-02-27,2802,67.5,0,1141720.18743636,0.0522327339004325
2011-03-06,2722,974,0,-1041828.28259555,-0.0381131533150843
2011-03-13,3281,673.5,0,-101964.741112131,0.000347871584489567
2011-03-20,3950,-1082,0,149419.075074945,-0.00326870173352657
2011-03-27,2714,-968.5,0,-216063.897531359,-0.0355778486991948
2011-04-03,3069,154,0,-3526.56791810505,-0.0023364381286222
2011-04-10,3603.5,581,0,1343.31546740001,0.00442650173560169
2011-04-17,3784,-60.5,0,66789.3668907501,-0.00229883434847504
2011-04-24,5637,1280.5,0,39330.57044051,0.0238291804592816
2011-05-01,6034,353,0,-46777.293389345,-0.00230178568560979
2011-05-08,6240,-457,0,295900.718866047,0.00670390347710225
2011-05-15,10268,1774,0,201824.493870052,0.0396282835643293
2011-05-22,8881,-351,0,-328915.248805824,-0.0367216893230465
2011-05-29,16869,3958,0,265164.170889738,0.0820181952166429
2011-06-05,22218,3316.5,0,331597.874993188,0.0864935623768861
2011-06-12,23616,-142,0,334419.373342743,0.0147533932416735
2011-06-19,21877,-1063.5,0,1426134.34626912,0.0410821228711994
2011-06-26,29542,-2904,0,-1258491.32321366,-0.0246871599266226
2011-07-03,24071.5,1437.5,0,-1121847.92279714,-0.0936955416953476
2011-07-10,24449,-609.5,0,932965.537034989,0.027448375131571
2011-07-17,19426,-62,0,-695837.939765035,-0.0518075892384174
2011-07-24,21586,-2575,0,1899744.9066206,0.0477146154156828
2011-07-31,16678,843.333333333333,0,-1948983.54404627,-0.083613164776597
2011-08-07,15307.6666666667,1065.66666666667,0,-190328.05988566,-0.0110141434534306
2011-08-14,18706,-616.333333333333,0,-33358.177914545,0.00710164068158948
2011-08-21,17207,-1140.66666666667,0,57726.768528082,-0.0176479839867883
2011-08-28,14528.3333333333,908.333333333333,0,-73809.895834496,-0.0160714573664126
2011-09-04,13770.6666666667,-720.333333333333,0,10678.5617559903,-0.011746003503122
2011-09-11,10988,305.333333333333,0,28316.2110393126,-0.0169028761788072
2011-09-18,15103.3333333333,-1126.33333333333,0,-1997.74483173271,0.00879025239768517
2011-09-25,11283,-202,0,-5697.50756519998,-0.0395775437189617
2011-10-02,10489,371,0,-8971.80791153997,-0.00822743974314547
2011-10-09,10543.5,214,0,8101.63104440452,-0.00265568319862192
2011-10-16,10297.5,-997,0,42651.3357752055,-0.0123956908256655
2011-10-23,9929,-39,0,119064.525052429,-0.00301584618809406
2011-10-30,11062,799.5,0,-161298.846797289,0.00114450686517284
2011-11-06,10982.5,-1141.5,0,322771.478672803,-0.000701053160794121
2011-11-13,8861,-9,0,1873585.76122449,0.0510896112336548
2011-11-20,9369,605.5,0,-1399813.4756066,-0.0653133871281509
2011-11-27,9455,965,0,2413715.61173876,0.0918704482066773
2011-12-04,9381.5,-706.5,0,-262363.875867109,-0.0257373730604359
2011-12-11,8849,-765,0,-2770363.02144311,-0.117593329125726
2011-12-18,9532,608.5,0,-197795.131429104,-0.00399009183147526
2011-12-25,8198,-120.5,0,-1182.78997536999,-0.0147437720172941
2012-01-01,10101.5,1333,0,108882.284004539,0.0282007789131207
2012-01-08,11111.5,163,0,20634.2739524295,0.00273227756686741
2012-01-15,10999,-821,0,-35551.0670209805,-0.0158364524081731
2012-01-22,10203,389.5,0,-109787.832457028,-0.0118748807678693
2012-01-29,11453.5,674.5,0,136042.089600578,0.0179815017970157
2012-02-05,12389,629,0,-38009.8005236015,0.00332214218428399
2012-02-12,11012,-31.5,0,627298.889185634,0.013927174233991
2012-02-19,11022,-273,0,-557890.647867733,-0.0281685943329116
2012-02-26,12051,270.5,0,89839.2348183515,0.0100789749341946
2012-03-04,11737.5,-2275,0,55307.7752725196,-0.0212483058947425
2012-03-11,12250,1097,0,-58868.779443449,0.00603791496598586
2012-03-18,10955,136,0,312924.51683964,-0.000986102397734406
2012-03-25,11196.5,225,0,-164103.872807097,-0.00956323001091934
2012-04-01,12591.6666666667,-748,0,635520.805553713,0.0217554682944005
2012-04-08,13106,1453.33333333333,0,-344392.626782411,-0.00511068946172342
2012-04-15,12460.6666666667,101.333333333334,0,279603.108614664,0.000178864656316879
2012-04-22,14953.3333333333,-439.666666666667,0,-229128.494167065,-0.00230054176423528
2012-04-29,18384,5803,0,868865.041878778,0.0574014912965517
2012-05-06,19032,2575,0,406261.633339873,0.0242292952127281
2012-05-13,23213,6251.66666666667,0,-1041362.11115092,0.0191916929531602
2012-05-20,23433.3333333333,7174.33333333333,0,717708.191898663,0.0570175297892196
2012-05-27,27139,-16199,0,2743654.09082191,0.00303820726082169
2012-06-03,25160,19659.6666666667,0,-188877.317191213,0.0884921713184225
2012-06-10,34657,21856,0,-604755.796566243,0.145834589562937
2012-06-17,24468,-30750.6666666667,0,-2062393.14532646,-0.289531457367498
2012-06-24,26599.3333333333,-947,0,114571.90129192,0.00185488654983411
2012-07-01,25832,-1030.66666666667,0,-307929.005802643,-0.0242883383504259
2012-07-08,25521,5074.33333333334,0,829389.452705733,0.0459873185088115
2012-07-15,29526,10132.3333333333,0,-796678.63350756,0.0472426181130104
2012-07-22,32824.3333333333,-1564,0,-251536.440888942,-0.00524761482485105
2012-07-29,28146,-2862,0,182691.562883248,-0.0394445464195184
2012-08-05,34116.3333333333,3884,0,-32823.6267039266,0.045088319475102
2012-08-12,43024.3333333333,4302,0,2975032.88290245,0.151976957211055
2012-08-19,34099,-7115,0,2206986.17847151,-0.0208956632685945
2012-08-26,36448,356,0,1392541.12790689,0.0498468045832652
2012-09-02,33540,5942.33333333334,0,-565919.22748843,-0.00386624561847515
2012-09-09,27205.6666666667,-3619.33333333334,0,5370446.0554082,0.102974369812077
2012-09-16,31836,-14104,0,-2240560.13101221,-0.107421362006665
2012-09-23,30815,4526.5,0,-8115936.60347292,-0.375981924747655
2012-09-30,37262,8542.5,0,-620445.08619459,0.0712345529949883
2012-10-07,35240,-6390,0,-844887.900313345,-0.123798401176523
2012-10-14,32674,2006,0,1699891.53140855,0.055855886465709
2012-10-21,26895.5,-5619.5,0,-1794765.83409816,-0.195307551770403
2012-10-28,26349.5,2831.5,0,874696.52719436,0.0434556797764196
2012-11-04,28298,-2754,0,-773814.227429464,-0.0533201938482377
2012-11-11,44133,7381,0,882608.90576785,0.178079817818877
2012-11-18,30677,5363,0,-881466.795924135,-0.111984274675334
2012-11-25,27648,-8360,0,-511522.010544753,-0.101810679283939
2012-12-02,30025,2604,0,1485652.44124964,0.112493226057005
2012-12-09,28803.3333333333,220,0,1045444.2508734,0.0274057388749043
2012-12-16,29497,7048.66666666666,0,-1494715.37992793,-0.00738746631802133
2012-12-23,33662.6666666667,-4775.33333333333,0,-670816.279528039,-0.0269728259411401
2012-12-30,33319.5,13950.6666666667,0,530172.655180774,0.147590451507351
2013-01-06,39276,-2918,0,-296859.769621425,0.000411087269216768
2013-01-13,43006,1829,0,427696.47056089,0.0639362409931872
2013-01-20,41077,1700.5,0,-310929.29599279,-0.0173510857764744
2013-01-27,39041,10181.5,0,696444.9219793,0.106718119400012
2013-02-03,42074,-1632,0,-512137.63378585,-0.0169857289082711
2013-02-10,38769,-3387.5,0,-243043.69449726,-0.0766725335625361
2013-02-17,41790,7167.5,0,-1751.75296552014,0.0632881937997444
2013-02-24,39343.5,3005,0,-48040.0403601585,-0.000422499157989744
2013-03-03,46027.5,-8989,0,97872.2100902835,-0.0225829178791923
2013-03-10,51708,-9527,0,4012904.16945055,0.15322356090769
2013-03-17,50305,6259.5,0,-3907972.59618366,-0.116587435264829
2013-03-24,53523.5,9980.5,0,701074.13211125,0.148979140700327
2013-03-31,90232.5,-10541,0,-228789.70937391,0.142538237248932
2013-04-07,81347,7958,0,-136628.7523674,-0.0126236424458481
2013-04-14,62602,-12763.5,0,-676384.62785886,-0.23711058092895
2013-04-21,93094,8351.5,0,274193.974719296,0.340450206197862
2013-04-28,75206,-4771,0,-489054.796991189,-0.169073795271643
2013-05-05,66176,9938.66666666666,0,-11291.0398257851,0.00428157988361315
2013-05-12,57260.6666666667,-3386,0,-123355.501086782,-0.0727432973734625
2013-05-19,65471.3333333333,-1644.66666666666,0,-243054.035954238,0.019230359199779
2013-05-26,62627,-1090,0,225003.121005764,-0.0168446645759323
2013-06-02,47541,-5810.33333333334,0,-78618.8189042107,-0.115847716996811
2013-06-09,44070,-4391,0,-236159.464484973,-0.0544228004692301
2013-06-16,53639.3333333333,2917.33333333334,0,5741.09127028595,0.0588934573768795
2013-06-23,55024,-10482,0,346469.122759973,-0.0397711405245368
2013-06-30,42492,-4464,0,335751.479379196,-0.0831673401289953
2013-07-07,44041,9126.33333333334,0,-226325.479988326,0.0463602320166871
2013-07-14,51502.6666666667,-4448.33333333334,0,-185524.237998937,0.00157053520570488
2013-07-21,53916.6666666667,884,0,77728.8755919905,0.0106214617141838
2013-07-28,49767,7495.66666666666,0,93353.789581017,0.0182560700095381
2013-08-04,50553.3333333333,10285.3333333333,0,-345521.608116681,0.0454359702619862
2013-08-11,66137.3333333333,15695,0,455384.068220965,0.173676008159229
2013-08-18,66259,-19302,0,-226132.42407865,-0.100256590437121
2013-08-25,77866,830.666666666664,0,124720.715896418,0.0610327633944334
2013-09-01,50583,7064.33333333334,0,-241457.273904953,-0.110104176293268
2013-09-08,61367.3333333333,-14878,0,-83336.3826757433,-0.0368425204463237
2013-09-15,66052,7664,0,399095.447853212,0.0595897653420523
2013-09-22,56523,-6861.33333333334,0,-122559.781523478,-0.095162115395085
2013-09-29,58920.6666666667,8913,0,-374022.806016333,0.045014200148145
2013-10-06,67717.6666666667,-2627.66666666666,0,325863.156216982,0.0336831018095258
2013-10-13,77273,3389,0,213978.862024799,0.0554755375366232
2013-10-20,60631,-7745.66666666666,0,1451866.67533964,-0.0887218078404252
2013-10-27,69755.6666666667,6396.33333333333,0,-1791214.73578666,0.0223827703077929
2013-11-03,102300.666666667,5261.33333333334,0,190479.738679438,0.192639730748867
2013-11-10,124969.666666667,-12048,0,961411.825361014,0.0571691126362966
2013-11-17,130687,19251.6666666667,0,1137180.76772659,0.164401508259139
2013-11-24,147851.666666667,24710.6666666667,0,-1092058.07566151,0.185622980895781
2013-12-01,150299,-19038.3333333333,0,-583648.380933627,-0.116758468496767
2013-12-08,125925,-17986,0,437619.946244272,-0.179946829512667
2013-12-15,107061,8321.66666666666,0,-777833.797734452,-0.0769166212379059
2013-12-22,100495.666666667,-9713,0,-308102.25324332,-0.101739211571416
2013-12-29,126631.333333333,8258.33333333334,0,188319.591264112,0.177149115038612
2014-01-05,109245,-5124,0,-250275.629288634,-0.108150632309106
2014-01-12,92393,-3315.33333333334,0,-60844.6828867353,-0.110265458872121
2014-01-19,117222.666666667,11301.3333333333,0,-27709.1407463994,0.181108046046874
2014-01-26,138342.333333333,-3573,0,26520.288454615,0.0812428209135798
2014-02-02,137975,4740,0,265968.420275177,0.021595065029515
2014-02-09,128245,-5946.33333333334,0,-103110.024958,-0.0904898376724329
2014-02-16,147997.666666667,12965.3333333333,0,-251633.415484838,0.15824426231162
2014-02-23,177413.666666667,-1738,0,199155.730653263,0.138210288411374
2014-03-02,156339,-5700,0,623546.467503052,-0.10448376636313
2014-03-09,120614,411,0,76789.097674629,-0.17999140502406
2014-03-16,131836.333333333,5994.66666666667,0,-880091.794589482,0.0578711516152561
2014-03-23,156580.666666667,-3916.66666666667,0,151520.322244656,0.101229846342854
2014-03-30,150599.333333333,-11284,0,2613.77717113378,-0.0828223024845984
2014-04-06,112455,34.6666666666642,0,171491.364684351,-0.191387154396004
2014-04-13,148083,7000.33333333334,0,-286454.940618961,0.20353976294567
2014-04-20,138849.333333333,9820,0,-30248.718098463,0.00203321273482303
2014-04-27,129819.333333333,-18493,0,142230.791043086,-0.125559304333322
2014-05-04,115894,4178,0,490764.886848307,-0.037363610795557
2014-05-11,146434.333333333,12958.3333333333,0,-576214.601611178,0.202584868978539
2014-05-18,139662.333333333,1516.66666666667,0,315544.7321556,-0.0215708573896303
2014-05-25,138915.333333333,-20638,0,52589.6733579864,-0.103152209473136
2014-06-01,120890,1731.33333333334,0,43325.4304470287,-0.084912736677569
2014-06-08,152801.333333333,12013.3333333333,0,-437452.447555678,0.208335330776371
2014-06-15,134013.666666667,-8535.66666666667,0,74624.0079666874,-0.145012799026988
2014-06-22,148678,-2989,0,82579.6547799843,0.0439278812981254
2014-06-29,110447,2610,0,-234921.002599587,-0.189608451317948
2014-07-06,165056.333333333,6988.33333333334,0,86451.1600957374,0.30975516092734
2014-07-13,143691.333333333,71.6666666666642,0,-79264.8085760723,-0.114562934669655
2014-07-20,149087.666666667,-7729,0,115521.22081231,-0.0159774993328501
2014-07-27,121519,1465.33333333334,0,11282.8823084924,-0.135188470803635
2014-08-03,174310.666666667,14002,0,-153529.028282211,0.33256082153658
2014-08-10,166108.333333333,1392.66666666667,0,207590.247998394,-0.0326556942021687
2014-08-17,158943.666666667,-15600,0,320313.107649575,-0.0999007856167188
2014-08-24,141380,5770.66666666666,0,-303998.035901916,-0.07046246088311
2014-08-31,190546,9098.33333333334,0,-270949.144642918,0.283554020871272
2014-09-07,153189.666666667,-4078,0,88261.3313748923,-0.21284118922762
2014-09-14,149940,-4902,0,189791.765781484,-0.0371163655907339
2014-09-21,141428,3246,0,4000.81139529229,-0.0299605793108183
2014-09-28,208118,7327.66666666667,0,55183.0161938327,0.371267191662955
2014-10-05,166926.666666667,7002.33333333333,0,-36157.2620704947,-0.174034296306556
2014-10-12,162235,-14581,0,288029.93405562,-0.085642200559431
2014-10-19,178098,8897.5,0,-194342.081136713,0.199984392765495
2014-10-26,175024.5,16112,0,-15269.0582877051,0.0869021708590662
2014-11-02,163758,-6620.5,0,51650.7237348161,-0.158542626006897
2014-11-09,150621,-11624,0,499992.734497061,-0.150117353140438
2014-11-16,198119.5,8035,0,71782.8223802075,0.469511698197592
2014-11-23,181523.5,9875.5,0,-340379.063136577,-0.0534046371892429
2014-11-30,194196,-252.5,0,41768.0582210195,0.100101388513061
2014-12-07,155092,-14693,0,-173647.769501176,-0.35934532260983
2014-12-14,207827,12496.5,0,41145.0331978099,0.553170377017274
2014-12-21,151836,-13021,0,-227749.053462743,-0.455527069756167
2014-12-28,179406,3604.5,0,382882.036627196,0.277360966898297
2015-01-04,242729,25587,0,195667.865263301,0.576796947778974
2015-01-11,216030,-10898.5,0,715849.62755377,-0.294139879025421
2015-01-18,201165.5,6964,0,-756792.34748255,-0.0783822847372824
2015-01-25,161500,-19740.5,0,-354154.801412239,-0.537848522868888
2015-02-01,159160,4500,0,216544.592585106,0.0192664785725867
2015-02-08,246397,5458.5,0,-21753.3941221569,0.772911479354419
2015-02-15,197007,6876,0,-422266.127762931,-0.282832339984147
2015-02-22,198801,3440.5,0,434447.227477425,0.0630654523942333
2015-03-01,213542,-9969,0,59070.9715552905,0.0196247492561421
2015-03-08,211235,1344.5,0,-169924.006286602,-0.0207462533664684
2015-03-15,204498.5,13308.5,0,-291202.013264993,0.0341211394689954
2015-03-22,196455,-6667,0,168455.526674103,-0.126234506741086
2015-03-29,215923,-9840,0,-51170.488381085,0.0460255727472182
2015-04-05,216493.5,9224,0,252412.793133562,0.0974977739157641
2015-04-12,199383,9021,0,-239840.086941497,-0.0588271053666953
2015-04-19,204006,880,0,430494.211584252,0.0627218970912987
2015-04-26,233284,-13674,0,16955.8259352199,0.0833287726086749
2015-05-03,222183.5,5469,0,-131491.676797575,-0.0539894843850214
2015-05-10,203683.5,-490,0,-327745.321414144,-0.137065980436418
2015-05-17,208304,2689,0,145223.054096622,0.0653022410511209
2015-05-24,266265,25031,0,350298.861208302,0.545100251498885
2015-05-31,233309,-22187.5,0,185582.24376894,-0.477655750004179
2015-06-07,253187,19393,0,-388901.07738822,0.239614756285752
2015-06-14,253777,215.5,0,380304.168585435,0.0203592514595066
2015-06-21,254786,-19218,0,-294683.997513183,-0.144048346009057
2015-06-28,261668.5,23594,0,112196.163071858,0.276713289437406
2015-07-05,254900.5,45831,0,25274.8631969399,0.272281343030409
2015-07-12,205768,-58523,0,-271885.203978393,-0.973040216788043
2015-07-19,195286,-16362,0,75308.1819727824,-0.182340311699459
2015-07-26,262467.5,22856,0,-49021.9813065699,0.765586870014268
2015-08-02,240407,2439.5,0,224110.83355649,-0.118366388310737
2015-08-09,227327,-14584.5,0,-25479.3816656901,-0.251499018292902
2015-08-16,258265,-5590,0,594238.82415688,0.171592431144466
2015-08-23,241516.5,4930.5,0,-131978.73666543,-0.106199913246958
2015-08-30,255377.5,16479,0,-769753.300421286,0.167397623904084
2015-09-06,276094,52927.5,0,162304.641039937,0.667218698903278
2015-09-13,221522,-65151,0,379972.409728654,-0.78707071937552
2015-09-20,250309.5,5223.5,0,-92335.0624926949,0.278913817385566
2015-09-27,241211,9863,0,-362979.78933006,-0.00735847595378611
2015-10-04,209703,-15293.5,0,211187.455090385,-0.400255370215584
2015-10-11,307347,21267,0,511400.767245735,0.773536985858066
2015-10-18,293170.5,4932.5,0,-279689.30065421,-0.0920468678380147
2015-10-25,300958.5,25741.5,0,402202.88804212,0.237618819449916
2015-11-01,358682,308,0,4645233.79646699,0.710823288518496
2015-11-08,328381,-16419,0,-3661360.68532041,-0.446418465009461
2015-11-15,322051,-3010,0,-608638.774815785,-0.116636460648719
2015-11-22,362429.5,26195.5,0,-271383.66097203,0.419836047126917
2015-11-29,329534,-73.5,0,2156509.5307712,-0.173656066561885
2015-12-06,445120,30555,0,-72254.2674395498,0.928863858479203
2015-12-13,403056.5,2992.5,0,13722.2942761849,-0.328434515253249
2015-12-20,358875,-15455,0,-1361908.23048413,-0.440828678557513
2015-12-27,263121,-67586.5,0,-1103689.06966288,-1.48811130580273
2016-01-03,390146,55876,0,119395.928930639,1.18407085080479
2016-01-10,400935,16161.5,0,12950.4518490951,0.235378714969878
2016-01-17,418045,26317,0,28039832.6994872,1.33183490588015
2016-01-24,410455,1947.5,0,-21967862.2118194,-1.14432765376347
2016-01-31,419675,-238,0,-5243118.67276752,-0.145131935118542
2016-02-07,419765.5,-13348.5,0,108044.05686813,-0.123343417949533
2016-02-14,440326.5,14530,0,1466520.93667142,0.279288610248945
2016-02-21,391078,-21702.5,0,1946113.5465004,-0.521628055977653
2016-02-28,411654,31357,0,-2863512.82364334,0.234941090977894
2016-03-06,344315.5,-64896.5,0,-850149.25358793,-1.21311686084111
2016-03-13,376566,33567,0,-173997.97437587,0.423892031268709
2016-03-20,332910,-31353.5,0,-288235.65050641,-0.675762016587745
2016-03-27,349858,11194,0,258565.975389685,0.188316342275083
2016-04-03,385129.5,19619,0,567541.745657805,0.499629729741816
2016-04-10,388767,21039.5,0,323617.64411331,0.175926456462849
2016-04-17,360541,-13185.5,0,98952.2692246949,-0.358845201732
2016-04-24,370399,4736,0,-577277.510393685,0.0677033919241562
2016-05-01,378669,-4354,0,-252092.04628566,0.0106010114236992
2016-05-08,400904.5,22751,0,-410702.69007332,0.276963066637101
2016-05-15,352825,-24713,0,-29266.9403951999,-0.638151777710784
2016-05-22,378992,-16342,0,1035040.10727642,0.0832599385406038
2016-05-29,390718,19039,0,-977335.803034315,0.220637828112747
2016-06-05,441869.5,31760.5,0,-44413.82930011,0.534573992829065
2016-06-12,456749,9898.5,0,261100.578362405,0.223735683795018
2016-06-19,410558,-46833,0,509039.298235775,-0.602141538201623
2016-06-26,360390.5,-6299.5,0,-653002.54940376,-0.515625811995974
2016-07-03,378930,16199,0,-120490.74691336,0.219000227996146
2016-07-10,367025,-737.5,0,263220.28454039,-0.0987063370263661
2016-07-17,338444,-20285,0,-86824.7457824901,-0.32912241091545
2016-07-24,359053,18132.5,0,72260.6568441798,0.338675657615125
2016-07-31,398446.5,19636.5,0,-623066.46186921,0.354846800857531
2016-08-07,389404,-592,0,426936.80661879,-0.0652915543051463
2016-08-14,399739,-24749,0,212517.276817505,-0.105206526830652
2016-08-21,370182.5,-3414.5,0,-63486.1366617347,-0.287296952502441
2016-08-28,404081,27765,0,-784355.68456804,0.371016248008086
2016-09-04,380834,-12040.5,0,246755.666543445,-0.299257787683091
2016-09-11,394081,-5005,0,264443.509171045,0.0525088234050382
2016-09-18,393004,1900,0,433753.38157749,0.024738283560993
2016-09-25,466284,32268.5,0,-717253.29556038,0.651643643089411
2016-10-02,470157,16626.5,0,964403.53317964,0.229280403554408
2016-10-09,390688,-55876,0,-512911.650915385,-0.911794645133396
2016-10-16,355255,-15117.5,0,1184739.46999393,-0.382950215565358
2016-10-23,500228.5,88752.5,0,-1669130.7830871,1.45876764595549
2016-10-30,429052,-36040,0,3586894.38835973,-0.756307382180994
2016-11-06,441806,-19157,0,-3436538.96324394,-0.187328150613877
2016-11-13,466779,37804,0,-47658.2210795349,0.55186579286602
2016-11-20,543753.5,46844,0,-401728.77088427,0.788100531958041
2016-11-27,579169,1944,0,-62692.2798720945,0.30530256915126
2016-12-04,456468,-65237,0,417437.383367035,-1.21314607427793
2016-12-11,456980.5,10817.5,0,324939.40445142,0.115423244271612
2016-12-18,488718.5,18720.5,0,-357243.27622533,0.310423243548016
2016-12-25,496025,7039,0,47380.8718153648,0.12327257221063
2017-01-01,503341,-4758,0,972781.794988145,0.0435120347513369
2017-01-08,454486,-12531.5,0,-185057.52522599,-0.539248196255019
2017-01-15,470994.5,-1461,0,-828276.32528707,0.0568362337535381
2017-01-22,462951,-4735.5,0,119804.392428355,-0.110717196063966
2017-01-29,500098,21446,0,112276.415816885,0.380828032818773
2017-02-05,469288,-11748,0,978530.77811505,-0.323298427911458
2017-02-12,496571.5,9935.5,0,-1495517.96010578,0.178823593218215
2017-02-19,590852,60839.5,0,589945.291035175,1.37656122827824
2017-02-26,489858,-78025,0,490189.008964055,-1.16349834293502
2017-03-05,474356,-6671,0,423000.74554113,-0.175911207098118
2017-03-12,553522,42924.5,0,-152357.62335251,0.783839459641646
2017-03-19,540390,-12512.5,0,907063.78633773,-0.186269842282813
2017-03-26,502791,-33650,0,-342383.08836357,-0.48826396090492
2017-04-02,533375,21549.5,0,2729205.20700393,0.586001090139323
2017-04-09,459366,-40489,0,-4282872.8826863,-0.911146882857915
2017-04-16,612636,93422.5,0,266971.84116015,2.15591599151088
2017-04-23,634026,10965,0,695630.00207729,0.230870332685943
2017-04-30,564296,-35739,0,290367.16391992,-0.905520189959392
2017-05-07,602381,6406,0,146841.30305376,0.283231288969743
2017-05-14,633618,7516,0,169493.63992273,0.333702595618469
2017-05-21,651462,12412,0,-151644.307060645,0.18710021597685
2017-05-28,575757.5,-38075,0,-99198.4040542548,-0.996520127176145
2017-06-04,574169,-5601.5,0,-479689.93250699,-0.0723816384892889
2017-06-11,536166,-18300.5,0,315977.135834295,-0.477227932015701
2017-06-18,469728,-42810,0,758194.415928775,-0.691678090971228
2017-06-25,479221.5,11048,0,-48256.52367693,0.174016802695683
2017-07-02,513174,239,0,-775294.86720753,0.179954557254282
2017-07-09,473083,-10511,0,-366381.587126265,-0.456291769931069
2017-07-16,433136,-4545,0,84981.6164805903,-0.284283769451373
2017-07-23,423353,-12359,0,1785533.28937212,-0.113137817236036
2017-07-30,470223.5,20010.5,0,-2245269.30830973,0.343738648210959
2017-08-06,580988,52991.5,0,374724.648846775,1.43067027807861
2017-08-13,535351,-17169,0,311110.19804516,-0.399428648124245
2017-08-20,568800,21980.5,0,-1224979.86345208,0.417109628405768
2017-08-27,575313.5,-13810.5,0,160848.08215103,-0.0548853335969289
2017-09-03,606486,4486,0,491527.561924275,0.321052288467259
2017-09-10,486763,-51231,0,695217.78039867,-1.08655463108497
2017-09-17,432016,-17757,0,-891715.959636845,-0.672179573249727
2017-09-24,583965.5,74989,0,-214394.30983137,1.4609142741859
2017-10-01,609683,-1790,0,-289739.58112459,0.17830123863361
2017-10-08,594482,9441,0,581178.826327565,-0.0132859885755842
2017-10-15,610154.5,16215,0,-25132.7440022249,0.274777893762645
2017-10-22,614115.5,-18403,0,-509551.60911863,-0.12789665479549
2017-10-29,670963,-13354,0,2716670.90656252,0.480618486187116
2017-11-05,459977,-80517,0,-828385.08276606,-1.91925881569823
2017-11-12,656362,96240.5,0,512237.95734876,2.55449069552364
2017-11-19,788406.5,72410,0,-918301.93983705,1.29195213422352
2017-11-26,869275,47176.5,0,-333664.129883965,1.09164231607528
2017-12-03,877575,-9509,0,502212.340862095,-0.000984466963596248
2017-12-10,917971,4845.5,0,-311816.5847062,0.36145816308911
2017-12-17,702907.5,-126040.5,0,-975420.01593987,-2.26740021019559
2017-12-24,838926,71620,0,199625.3187443,1.8059469478445
2017-12-31,889099,5023,235705,648521.594184105,0.53223910427978
2018-01-07,663279,-95715,-196262,-572417.740624553,-1.47723163735115
2018-01-14,659305.5,14396.5,-69969,-596580.736304023,-0.0714119990557691
2018-01-21,518826.75,-53032,3829,1261992.80112467,-0.68736982530046
2018-01-28,436197,-29605.5,-70932.5,-702607.50587784,-0.531765655138429
2018-02-04,398819.5,-31055.25,-49966.5,-832700.265720673,-0.349446569198514
2018-02-11,455686,28939.25,-16063,286837.460572868,0.2973129802942
2018-02-18,442074.25,1025.75,-28102,-688411.864297179,-0.103501929974189
2018-02-25,416967,-16776.75,91840.5,327111.789130976,-0.0288452354191773
2018-03-04,380510,-10366.5,-104324.5,193545.006485516,-0.316691527053769
2018-03-11,440399,32199.5,63423.5,1124510.69700274,0.448336359097489
2018-03-18,426695.5,-17227.25,-58387.5,-1586630.46529083,-0.237312268348068
2018-03-25,332753,-33012.75,32473,307073.213272637,-0.422031230099664
2018-04-01,341719.5,1711.75,-51455,25504.5886170822,-0.036830343227299
2018-04-08,437935,53163.75,104931,-483514.890299818,0.68464575931271
2018-04-15,519505.25,15963.5,-16648,171196.477104993,0.33084149514005
2018-04-22,429929,-15775,36277,277834.948644205,-0.333175399711093
2018-04-29,406974,-21786.25,-14012,125695.392332027,-0.191003570881787
2018-05-06,467422,27434.25,-13435,-264176.777481608,0.296006235522183
2018-05-13,485140,127.25,-55794,-165853.829272205,-0.0218552023156427
2018-05-20,356716,-50673.25,23374.5,417671.167984255,-0.625942487875457
2018-05-27,388247.5,14818.5,-14980.5,-40161.3981158724,0.144910696053525
2018-06-03,439996,36810,53071,-340856.980511702,0.392038319368364
2018-06-10,460599.75,-8064.5,-83387,97067.0470385067,-0.0764819728166921
2018-06-17,368137,-39052,65981.5,137596.600522939,-0.398287693469636
2018-06-24,355707,1017.75,-46945.5,-32714.3284820879,-0.111238627807891
2018-07-01,419691.5,38760.25,74909.5,-465691.30999204,0.47099219018061
2018-07-08,476671.25,11346.5,-74822.5,161068.613596912,0.144170157059779
2018-07-15,385950,-29616.5,54839.5,196846.064396685,-0.368560012527931
2018-07-22,416863.75,4054.25,-30429.5,-18735.9683718033,0.0790557616913654
2018-07-29,461213.5,32882.75,62625.5,16314.4355764118,0.370680126484301
2018-08-05,511133.75,9776.5,-60944.5,-179602.368517954,0.124470311613885
2018-08-12,399289,-40581.5,51051.5,98889.0812044897,-0.495136733541038
2018-08-19,397819.25,-3791.5,-38499.5,157526.25429644,-0.0754613130792219
2018-08-26,459807,40000.5,27691.5,-161095.093860674,0.410317173899744
2018-09-02,523052.5,5341.25,-27887.5,-101103.711798416,0.201678916555591
2018-09-09,427958,-21414.25,4920.5,319605.5601,-0.417627306723244
2018-09-16,421005,1927.5,20299.5,129233.382676532,0.00796012963138385
2018-09-23,483445.5,32754.5,24087,-475950.356383938,0.371420356409328
2018-09-30,515629.5,-3248.25,-24999,-180413.639109882,0.0585587723427884
2018-10-07,400481,-37407.75,-3178.5,599367.472098343,-0.55826322847314
2018-10-14,425032,18622.25,-5003.5,-197063.532512101,0.145436968966272
2018-10-21,484944.5,38457.25,26493.5,-398174.756190064,0.390038369691726
2018-10-28,553787.25,28714.25,877.5,111910.353866103,0.358871352336668
2018-11-04,448643,-38391.75,34961.5,137608.499712141,-0.483740163273496
2018-11-11,426649.5,542,-24927.5,560992.491808416,-0.104416263844255
2018-11-18,468394,8548,17578,-482148.76468994,0.191881727873465
2018-11-25,468333.5,-6424,-28832,166846.419358417,-0.0673950943181691
2018-12-02,382550,-24061,13476,279249.995697043,-0.383916028304242
2018-12-09,383108.5,4091.5,-7833,-139482.774843192,-0.000968259520627259
2018-12-16,447565.5,44589.5,24525.5,-405302.961225822,0.427858767638573
2018-12-23,441800.5,10096.5,-8240.5,-2237.61212615122,0.00266074333024369
2018-12-30,385489,-24689.5,-84,157701.32244006,-0.302144699461904
2019-01-06,394991.75,22319.75,-3612,286086.410951426,0.1184973948807
2019-01-13,456141.5,18436.75,38240,-612870.276043819,0.326358634444387
2019-01-20,489371.25,1405.75,11990,210174.046701126,0.140048225036783
2019-01-27,418174,14677.75,9169,1294331.64007697,-0.161765896502084
2019-02-03,406355.25,-9926.25,-29928,855861.243136318,-0.110243571572934
2019-02-10,490763,37272.75,20393,-2275068.26314016,0.424593216641068
2019-02-17,539666.25,4993,14355,337454.492651902,0.216413200423763
2019-02-24,481021,-18507.5,55549,602244.781762239,-0.199872419723574
2019-03-03,425665.75,-106740.5,-123854,-303322.578117208,-0.805430307403581
2019-03-10,542340.5,66593.5,39308,-505908.863975183,0.720594646609703
2019-03-17,543979.75,19779.75,-40692,-45783.3160858435,0.0221397542634762
2019-03-24,513840,62286.25,170976,790360.115437484,0.386593478353137
2019-03-31,492286.25,-24747.25,-53705,-290149.473367345,-0.261251838659458
2019-04-07,598407,39101.75,35239.5,-220615.69152503,0.573867708540433
2019-04-14,584946.5,-42603.25,-40848.5,-87847.0348025087,-0.281345811831191
2019-04-21,460846,9473.75,84073.5,421742.978366088,-0.287458928746562
2019-04-28,486811.75,-1071.75,-54810.5,-81649.3852799723,0.00605187902652852
2019-05-05,633894,18062.25,37302.5,-77825.3805545575,0.642664501885672
2019-05-12,671454.75,-9535.75,21182.5,-47971.8819055124,0.119142840670782
2019-05-19,511153,-28064.75,41222.5,5427.68097107718,-0.634326192464925
2019-05-26,537257.5,-11357,-56363.5,755260.27219366,-0.0186734355309639
2019-06-02,604683.5,32036.5,-8245.5,-1041544.51271444,0.329864809865095
2019-06-09,722759.5,12920.5,39540.5,413417.834187757,0.531903210954331
2019-06-16,643642,-17923,27054,1188711.68432773,-0.297535593475268
2019-06-23,565004.25,-6120.75,-30051,-1064783.72810495,-0.375477102825448
2019-06-30,612733.5,26880.75,-22503,-762840.030060674,0.22515149479482
2019-07-07,627383.25,-13326.5,-89348,1041632.00190391,-0.106794845841964
2019-07-14,488968,-38506.5,-7125,3774194.24489874,-0.583641007359418
2019-07-21,416562.25,-44374.25,-35992,-4257686.09729955,-0.581716904327014
2019-07-28,571258.5,58911.75,62105.5,-707885.415345935,0.853205089169015
2019-08-04,563732.5,10991,-42070.5,95778.2762850753,-0.0445347821456098
2019-08-11,441149,-60274.5,15884,536234.977397359,-0.651023886049937
2019-08-18,444954.25,5646.5,-9564,-452574.958837214,0.00778521844171338
2019-08-25,537653,43088.5,28387,46511.2259430483,0.53795186169809
2019-09-01,592451.75,22121.75,-12272,47115.8359869452,0.262874654847829
2019-09-08,491282,-59218.75,-24216,82081.3041780283,-0.635008422306429
2019-09-15,487414,29937,53067,71328.8180574653,0.17433980455303
2019-09-22,547539,3754.5,-47851,-308780.121165763,0.152295021371754
2019-09-29,542940.5,3419.5,18705,-60318.8986258145,0.0160915295681465
2019-10-06,452069,-35312,-17204.5,202208.343156746,-0.490769166561358
2019-10-13,464548.75,272.25,8863.5,236268.997984082,0.0574986644094274
2019-10-20,527916,4761.75,-26419.5,-46734.86496326,0.202987657899613
2019-10-27,566529.25,13623,-13846.5,121532.515991239,0.170517121487727
2019-11-03,519291,-14187,22773,-40687.4592776115,-0.200641201424475
2019-11-10,462043.75,-28149.25,-17405,113919.055461661,-0.344029808631566
2019-11-17,540171.5,23698.25,55187,-188734.038846099,0.440452633422824
2019-11-24,549312,15883.5,-65184,-246986.12789997,-0.00449888318475635
2019-12-01,465570,-32311.5,6259.5,280324.867266852,-0.419352257436806
2019-12-08,455803.75,-14891.25,-7335.5,-59589.187618001,-0.111105205969545
2019-12-15,520820.4,41807.25,17645,-307282.881879334,0.411413213838585
2019-12-22,490465,2814.75,-909,-106379.579402482,-0.106502192604559
2019-12-29,441725.25,-27799.75,19896,325605.046756599,-0.256345343206199
2020-01-05,527459,4641.75,-9095,96187.2086895194,0.309474179385583
2020-01-12,557746,27947.25,-12046.5,-487065.907371307,0.187215267749074
2020-01-19,461312,624.25,-38695.5,151938.563065936,-0.398282966089822
2020-01-26,519259.5,-16704.25,50439.5,869915.047709632,0.223433891221856
2020-02-02,539618,26229.5,11657.5,-26437.9498581148,0.1872676510607
2020-02-09,565493,10832.5,-10848.5,-631518.162954419,0.101861395440919
2020-02-16,525819,-3274.75,9684.5,-24529.2404691449,-0.147784909313401
2020-02-23,526553.25,-29984.25,37398,60518.3829259465,-0.0694808220141334
2020-03-01,604999,9179.75,-35716,75253.440398101,0.264372714139926
2020-03-08,517382,-6518.25,-14528.5,160142.305701477,-0.361721741210288
2020-03-15,426492.25,-27210.25,-22456.5,-249201.916825608,-0.47544174043505
2020-03-22,537834,-42351.25,10474.5,53576.2501540711,0.240123382798209
2020-03-29,560892.5,10031,-2925.5,81079.8657584104,0.114689058445914
2020-04-05,474445,36751.5,5690,-417474.847548322,-0.169809800054562
2020-04-12,517655.75,3469.75,82772,21225.4493437882,0.277347774682114
2020-04-19,648368,-10074.25,-19847,349733.015770084,0.402555947233763
2020-04-26,673562.75,13359.25,14296,100172.374736635,0.159685405399988
2020-05-03,631542,29748.25,32374,91642.85460636,0.0089514651815455
2020-05-10,526929.25,-22206.75,-32061,-452955.783421893,-0.522219688488281
2020-05-17,616732.4,-32475.75,-64370,321649.843002887,0.105066154243736
2020-05-24,556912,-2178,40778,136940.441347941,-0.169329591221485
2020-05-31,527331.75,50728,9961.5,-678210.501417115,0.0897436960940951
2020-06-07,640256.5,6054.75,-10812.5,159711.871298122,0.411445270260936
2020-06-14,681591.25,-39711.75,21039.5,216213.440216488,0.0179815968468796
2020-06-21,546558,-7361,-22267.5,317267.533659994,-0.54214003296878
2020-06-28,571521.75,62356,37374.5,-515855.341270812,0.372494060924558
2020-07-05,673534,10340.75,18267.5,104612.11812365,0.428265885070864
2020-07-12,637421,-38436.75,-34016.5,165966.973601158,-0.331052428016786
2020-07-19,619497,4111,40272.5,147007.903905769,0.00522808645905234
2020-07-26,641621,15638,57302.5,-229170.754929464,0.209901903250701
2020-08-02,722993,1591.25,-51538.5,-92623.4084525068,0.219295205780088
2020-08-09,751893.5,-18602.25,48052,1150954.02301123,0.11459024933845
2020-08-16,649053,-13744.25,-23516,-397214.508365264,-0.469245124371049
2020-08-23,590536.25,15522.75,-5783.5,225555.350234278,-0.156372740142348
2020-08-30,682156.5,-8657,62065.5,546063.549967238,0.385112686086554
2020-09-06,687608,-6729.5,-79195,830241.459415868,-0.104010988975882
2020-09-13,624125,-20178.5,8530,407991.60966337,-0.292675577484752
2020-09-20,587362,26040.5,12313,-1150105.69356233,-0.041071662449988
2020-09-27,657517,10048.75,-3279,-381198.297660747,0.273035463424076
2020-10-04,719046.25,-17576.75,-12353.5,92998.4726050599,0.129822907501103
2020-10-11,586741,-46183,-41943.5,721533.316135515,-0.705345319611696
2020-10-18,582323,43487.5,32647,-958766.53616678,0.176238894218028
2020-10-25,598063,-11599.25,-2017,406908.096418094,0.0105895442554726
2020-11-01,738319.75,-13290.25,25618,367683.059800535,0.486859817489516
2020-11-08,613373,-795.5,-33397,-693155.31352917,-0.516760091348158
2020-11-15,642354,34345,61171,-34571.4830873329,0.318387720992066
2020-11-22,680083,31900.25,-40238,-396956.220851753,0.1927327286536
2020-11-29,731786.25,-53751.75,8781.5,28202.0822721366,-0.0216549866916154
2020-12-06,654893,4790.75,-332.5,68008.2110731746,-0.260747300011906
2020-12-13,666902.5,2267.75,87420,58711.476034265,0.168044823993353
2020-12-20,678176.5,22346,-105898,722336.087987175,-0.00647061958810981
2020-12-27,668641.5,-14892.5,82229.5,-453482.870929674,0.00453461502545137
2021-01-03,760179,51133.75,37722.5,507882.022121108,0.588503433142689
2021-01-10,675196.5,-21932.25,-23838,-742824.354191584,-0.445714025218743
2021-01-17,734727.5,3122.5,-15940,-56960.3804700787,0.196926613306275
2021-01-24,883098.75,-17122,98833,411933.905285722,0.602331178919401
2021-01-31,795079,-11433.75,-11214,266010.267536416,-0.375910990587829
2021-02-07,739470,5738.25,-14282,-795524.317828102,-0.21838295613611
2021-02-14,791072,21543,55634,333356.815473378,0.348654093407146
2021-02-21,815316.5,-7376.5,-94082,190999.383332,-0.0734180006869429
2021-02-28,677322,-41879.25,-28570,-226369.099462275,-0.710407465327067
2021-03-07,760302.5,12833.25,83092.5,-623714.881939728,0.443691941011032
2021-03-14,833771,23955.5,-26642.5,-329.349499373464,0.316236263292947
2021-03-21,799527.5,-27434.5,-35075,463102.501476115,-0.275682813896559
2021-03-28,704293,-20566.5,-5161,-94426.3738641306,-0.437456510581473
2021-04-04,705550.25,17259,51378,-26159.5620061012,0.137823186087503
2021-04-11,813572,-50179.25,-134235,157227.370893213,0.000203664933994295
2021-04-18,782836.75,55917.75,70990,473360.203118664,0.214792865847629
2021-04-25,677778,-44998,-18962,117155.586922697,-0.584351679316406
2021-05-02,719741.75,61646.5,78081,-911423.779627457,0.478100221009677
2021-05-09,745581.5,-52542.75,-97232,383215.310658641,-0.247719600079635
2021-05-16,681993,-30995.75,-13607.5,970763.229202733,-0.354560532179737
2021-05-23,537305,-31265.5,-98210.5,-185729.365764094,-0.787067314871388
2021-05-30,516712.5,53015.5,16109.5,-1780232.83236693,0.115977054163271
2021-06-06,652225,-22708.25,22530.5,453592.332130991,0.42997110976399
2021-06-13,563014.75,-35799.75,-70697,439809.172568254,-0.555286679560995
2021-06-20,490112,-35386,-12464,468846.397707987,-0.414518509218932
2021-06-27,492495.25,75350.5,7633,-831150.306347687,0.295727050836905
2021-07-04,570637,1105.75,-8812,428940.53669872,0.275705146183945
2021-07-11,557520.5,-46065.25,-9770,98884.7298607654,-0.247154224345848
2021-07-18,497255,7774.25,12562,1339339.25291237,-0.144476589364037
2021-07-25,507180.75,61123.25,52680,-1118626.83918836,0.321942898636753
2021-08-01,612916,9905,-27276,-134206.746441863,0.372109576670388
2021-08-08,634434.75,-51775.5,26296.5,206643.450701022,-0.0939579187170725
2021-08-15,555440,-4267.5,1891.5,1646239.35222378,-0.267598623124218
2021-08-22,515182.25,49966,-7364.5,-265569.331036349,0.0334475424172705
2021-08-29,670600,27376.75,28834.5,-835431.088225094,0.681772303177386
2021-09-05,642013,-63704.25,-11930,4279267.23182828,-0.286545814184569
2021-09-12,561878,-818.75,-339,-1515600.69284908,-0.328474537516121
2021-09-19,532359.75,44654.75,23074.5,-214695.51755813,0.0937202455865849
2021-09-26,678448,23635,40065.5,-1535631.91280701,0.633988955544129
2021-10-03,685757,-39727,-19162.5,761809.692732034,-0.147573589051949
2021-10-10,674026,-12047.75,57579.5,1231094.33800954,0.0100203146828389
2021-10-17,594523.25,68570.25,-40631,-2982342.82756031,-0.136736599342677
2021-10-24,741038,938.75,51401,35534.8325279821,0.594288563659604
2021-10-31,740169.75,-67417.25,-24698,2311680.36648589,-0.261621689067816
2021-11-07,628022,7035.25,-13617,1019289.82249271,-0.376020604967216
2021-11-14,616814.5,43247.75,10763,-2546465.77933467,0.0869976967423854
2021-11-21,734366,6436.75,-24435,128625.54697503,0.410126921479625
2021-11-28,735403.75,-39278.75,44580,998910.942932886,-0.0754904670349104
2021-12-05,599422,-26040.5,-62431,-160659.214165988,-0.685339091768963
2021-12-12,595350.25,33943,1239.5,-1674592.00163564,0.0810075906564465
2021-12-19,709091.5,202.75,-19451.5,-154935.656286599,0.372477684649878
2021-12-26,697696.25,-74945.25,37853.5,631774.802889426,-0.27905898829178
2022-01-02,591014,38812,-20329.5,1279486.02105962,-0.233651461181752
2022-01-09,597387.5,40682,37670,-607655.057759894,0.218110431771145
2022-01-16,676231.5,4215,38023,1278591.35797718,0.373155006235861
2022-01-23,682390,-39505,-46693,-1265234.22825948,-0.231927851073789
2022-01-30,673249,3105.25,55875,2388193.20937732,0.101948318600368
2022-02-06,608732.25,20059.25,-53489.5,-3162509.22786213,-0.297708194480982
2022-02-13,640542.5,6655,-44080.5,350430.447523674,0.08171265090057
2022-02-20,696301,-40434.5,71388.5,765653.784691074,0.147736850281351
2022-02-27,594977,7078.25,-19410.5,582031.35679434,-0.354394756599527
2022-03-06,591498,33071.25,-13647,-1475374.69900883,0.0634296551423578
2022-03-13,703541.5,1558.25,29209,-492562.472897564,0.431536971764933
2022-03-20,741356.25,-31099.75,26036.5,1222985.71747699,0.0680102453572737
2022-03-27,660755,6358,2258.5,353838.564288067,-0.258122830640852
2022-04-03,580219,35624.5,-51372.5,-1156161.54117376,-0.247393026225703
2022-04-10,652432,-13598.25,-7309.5,455490.064878948,0.198583419691194
2022-04-17,675933.5,-24437.25,21337.5,2985166.00993009,0.0744109290023828
2022-04-24,684282,11039.75,60813.5,-547843.122909379,0.140309275472146
2022-05-01,601740.75,51617.25,-22482,-1933432.01306097,-0.167750224717722
2022-05-08,697147.5,-25601,55963,-365781.298550506,0.303377646615552
2022-05-15,651477.25,-46809,-120609.5,-1498141.0296059,-0.553227961279646
2022-05-22,576357,2879.75,-17952.5,800423.077913248,-0.270621942190997
2022-05-29,574405.25,38806.25,21793,-1912479.40507636,0.131157508279554
2022-06-05,685152,288.75,-13307,924763.747001404,0.393585312302107
2022-06-12,659802.25,-19309.75,16977.5,6686092.32464391,-0.00713186721647346
2022-06-19,557791,-28955.75,-47137.5,-5193993.77791208,-0.661652238462537
2022-06-26,574879.75,36864.75,76683.5,-417385.81576689,0.299013237609339
2022-07-03,640952.5,14293.75,-53714.5,-1127389.79069509,0.190010500719281
2022-07-10,666555,-43454.75,11616.5,1051021.1460903,-0.0483993589485411
2022-07-17,572761,-11650,-12742.5,486851.707962146,-0.394837427785804
2022-07-24,581839,53444,57235.5,-1925372.27139074,0.277397867591773
2022-07-31,674037.5,-3026.5,-18213.5,215410.266881467,0.292096300858874
2022-08-07,696927.5,-32097.5,10042.5,1614173.5739502,-0.00305626915119642
2022-08-14,597278,-15200,-28688.5,1064901.28086213,-0.439539071284136
2022-08-21,573208.75,38239.5,18253.5,-1702014.69558517,0.0493326670220285
2022-08-28,657107,13624.75,32368.5,-47051.4525687429,0.392646424793235
2022-09-04,730975.5,-28036.25,37505.5,729170.129923791,0.214534717305819
2022-09-11,641808,-15061.75,-39138.5,-215533.06859799,-0.443151552349087
2022-09-18,588680.5,25678.25,-10094.5,-1890823.17360462,-0.147734093923259
2022-09-25,654274.5,32137.5,-5788.5,136020.440854968,0.35220902482332
2022-10-02,665089.75,-49192,-14998.5,307963.993003407,-0.176647734523327
2022-10-09,612380,-10509.75,-5111.5,29193.4132375966,-0.242465925022878
2022-10-16,589986.25,39247.75,16375,-785680.653060971,0.0763088402527943
2022-10-23,657960.5,17088.25,47219,373766.788676542,0.378826510143492
2022-10-30,696898.75,-24126.25,-40328.5,2041247.07005084,0.0259440981614177
2022-11-06,677645,-13398.75,54088.5,62841.4194846908,-0.0520169682683772
2022-11-13,614424,15822.75,-41224,-2550231.56150261,-0.279995689923172
2022-11-20,636829.5,2011.75,-54121,-350904.030970878,0.000782900047572889
2022-11-27,674454.25,-10682.75,31504.5,69295.0710727534,0.131508719394875
2022-12-04,617455,-19528,-8291.5,69680.5482263066,-0.297231538028906
2022-12-11,588204.5,36481.5,-1224.5,-188533.866995522,0.0292745619207338
2022-12-18,607200,-2620.25,-49277.5,-140563.729474511,-0.018712773731763
2022-12-25,705985,-22959.25,58114,130434.1234596,0.339533476139446
2023-01-01,601071,-1475,-26259,213495.57108174,-0.418577735516874
2023-01-08,619181.25,68542,63721.5,-67845.4777742669,0.418383257729374
2023-01-15,668408,-14283,7944.5,-211201.714757486,0.120321190627787
2023-01-22,701945.75,-26260,-21418.5,141641.381915863,-0.0163940848974423
2023-01-29,691143,8126,42682.5,-89124.8867183159,0.0449844102319028
2023-02-05,634105.75,57439,-40143,69529.6890143473,-0.0348306327403305
2023-02-12,687592,-20854.75,-1723,-257120.416826871,0.0951338757655213
2023-02-19,704817.25,-55146.25,18294,223723.801611018,-0.133392430698602
2023-02-26,678996,52048.5,30916,145961.039884075,0.154869081315318
2023-03-05,630118.5,24519,2602,-7605.78509498539,-0.0794893319140138
2023-03-12,706519.5,1119.75,-6038,-29502.28145286,0.263564604656891
2023-03-19,683996,-45903.25,-51626.5,171677.972367327,-0.336221689654203
2023-03-26,702374,49678.75,117085.5,893.918155423133,0.419140880996419
2023-04-02,607540.25,-18053.75,-50450.5,-499430.496587865,-0.496967362533134
2023-04-09,692686,-6722.25,-47839.5,188385.431201938,0.210799330419512
2023-04-16,744652.75,39652.25,238078.5,30538.7534473415,0.666581832079031
2023-04-23,628996,180750.25,162683.5,13781.3854718774,0.523968863281049
2023-04-30,543681.25,-2415.25,35985,56859.1163252954,-0.269856127743997
2023-05-07,588101,-9602.25,102132,-269553.417118946,0.250076006150331
2023-05-14,657614.25,-99748.75,-134428,232852.245540748,-0.333630981133327
2023-05-21,672783,49762.75,-94241,-42272.4502627506,0.116329672626564
2023-05-28,618875.75,-115878.75,88,26060.7305083134,-0.659078764720568
2023-06-04,649824,35313.75,-157821,204427.011149516,0.0331056825513161
2023-06-11,760410.25,82318.25,219241.5,-79553.7316761364,1.01802700088208
2023-06-18,683837,-97355.25,-201092.5,97267.028413432,-0.941757633418186
2023-06-25,557587.25,5256.75,14360.5,-281388.795348126,-0.422847806397947
2023-07-02,694240,141930.25,428996.5,-8385.56940283685,1.63872601349227
2023-07-09,763826.75,-40103.75,-136440.5,145687.849046275,-0.10058452002984
2023-07-16,556589,54800.25,-456713.5,-166719.38060434,-1.16125120726393
2023-07-23,784641.75,-110428.25,525929,-194546.496879826,1.090868111214
2023-07-30,696256.5,-107689,-61582,14935.130760474,-0.835005377420307
2023-08-06,746885.75,182271,-46715,348153.911486828,0.844442615797783
2023-08-13,628343,97131.25,12042,118957.734210171,-0.0242046294043758
2023-08-20,617560.75,-235817.25,-160670,-440127.348736253,-1.21318819003095
2023-08-27,736126,64936.25,295270,34720.6762534903,1.08444220253573
2023-09-03,716894.75,167224.75,-120843,102805.521431317,0.42720804633822
2023-09-10,876224,-10882.5,225339,145267.772670887,0.834753795483157
2023-09-17,720237.5,-227881.5,-362165.5,-386155.360285334,-1.97754670189438
2023-09-24,665886,-33277.25,-288922.5,131579.336277669,-0.727239289792478
2023-10-01,666627,-80800.75,-13836,305662.096720951,-0.336983053834989
2023-10-08,612783,10525.25,-12521,-207948.803137645,-0.17805176432613
2023-10-15,586681,36801.25,13173,-68763.6322859849,0.0641827351870276
2023-10-22,779091,156156.25,564500,99181.2692729988,2.08369904879962
2023-10-29,776569.25,250867.25,11712.5,75220.5184428183,1.00174193178179
2023-11-05,894325,-25621.5,123689.5,56748.7846749504,0.485503496181468
2023-11-12,797723.25,-38747.5,-7498.5,-377803.982566232,-0.523980812519845
2023-11-19,765446,-54709,-18794.5,247542.523483207,-0.359407082910903
2023-11-26,802000,-150477,-5672.5,261500.924341077,-0.475809540679805
2023-12-03,739198,89718,-66431.5,-23302.1067011176,0.0348658939873157
2023-12-10,582492.25,86880.5,72880.5,-412214.247518614,-0.129277823918275
2023-12-17,635603.5,1611,-92069.5,58995.3002732641,0.0656628693405904
2023-12-24,665048.5,-73748.5,39956,-6178.31660894398,-0.138788357454497
2023-12-31,572161,-146619.75,-406412,259498.151157802,-1.47527114443927
2024-01-07,613951.75,41583.75,165627.5,-164554.632577595,0.533998843756416
2024-01-14,649474,8900.75,37851.5,19868.8940603611,0.209608812599083
2024-01-21,684676,159758.25,168764,232809.103690047,0.99358352080726
2024-01-28,668270,-234175.25,94798,-88608.8378530267,-0.867826202465373
2024-02-04,579214.25,-15764.75,-522074.5,-245628.811998082,-1.11059520504553
2024-02-11,615155.5,-13645.5,-27930.5,110888.508362315,0.0328072625358953
2024-02-18,678441.75,6558.5,195519,203818.188609299,0.520528410239883
2024-02-25,623680,52116.25,-64839,364308.029734583,-0.0755573482208073
2024-03-03,641278,22685.75,89664.5,-628938.265033063,0.257743963641148
2024-03-10,668468,-68305,-96596.5,241868.811598908,-0.307766460468831
2024-03-17,671294.5,-20306,-17705.5,140013.739611819,-0.0975795887020793
2024-03-24,614851,2121.75,243309.5,-96035.7722982815,0.1335401838144
2024-03-31,668079.75,59380.25,-110169.5,-365776.03654764,0.262065856154616
2024-04-07,648909,61922,182856.5,98206.3627115842,0.425995786554467
2024-04-14,655805,180967,35508.5,144752.964334301,0.791450476754723
2024-04-21,673970,-113682,-118877.5,-22498.287310643,-0.556991617194636
2024-04-28,468910.75,22509,-174226.5,-365813.649730633,-0.897597031111941
2024-05-05,489574.5,101026,130283.5,83275.9389992363,0.651622573102694
2024-05-12,512784.75,-239590,-118717.5,308287.846037656,-1.03281616672065
2024-05-19,465497,384047,222254.5,-106405.515994605,1.65735235763121
2024-05-26,407020.5,-145490.5,-59523,-304858.813730543,-0.882375295817598
2024-06-02,474587,-325899.75,-118159,126546.699766129,-1.22066027102391
2024-06-09,478091,139024.25,-143734.5,108862.722391131,0.364995668417415
2024-06-16,456727,74957.5,159585.5,4308.13451963523,0.436011280891031
2024-06-23,468555,-15059.5,-157785,-220358.210850684,-0.244870973425791
2024-06-30,511207,18569,124200,131296.948423926,0.394791542518576
2024-07-07,487731,204274,-52292,289070.165548912,0.657764623685949
2024-07-14,444989,63003.25,92428,-51487.9131470624,0.218304004936395
2024-07-21,445149.75,-25769.25,-102271,-243624.686475413,-0.253395966402025
2024-07-28,561338,-344042,-97823,115232.26505027,-1.09105284054776
2024-08-04,504009.5,119899,15198.5,152728.491754526,0.290654400586348
2024-08-11,468048,154674.75,196050.5,-112641.181859667,0.74872592842088
2024-08-18,440325.25,-5539.75,22674.5,-171522.888434885,-0.0992751073870578
2024-08-25,517512.5,-145648.5,-37983.5,301236.630412027,-0.354711604319015
2024-09-01,530183.25,229162.5,80150,8768.53043395863,1.06247912201299
2024-09-08,497081,-144220,-150957,209302.468372426,-0.901290841011961
2024-09-15,455609,-119301.5,-72405,-665740.548169665,-0.742670861080009
2024-09-22,514760,-20888.75,-66496,155291.390205532,0.034966605125389
2024-09-29,554535,260559.25,165339,371384.922833683,1.40943018605244
2024-10-06,440477,-136799,113046,-253707.694747946,-0.808278603826767
2024-10-13,463331.25,123243,-132249.5,-308552.601739695,0.378357109723362
2024-10-20,494587,-197263.25,-50537.5,-12440.2701140087,-0.748575246175313
2024-10-27,554827.5,-2143.75,-92587,378179.315926629,0.0823402035445349
2024-11-03,502341,-493.25,104760,314970.401678237,-0.0445436010028589
2024-11-10,547711.5,44318.25,73947.5,-536218.663438246,0.423641823685572
2024-11-17,629678,-64286,-203255.5,152597.056729555,-0.244289342892278
2024-11-24,567303.25,116792,97189,82080.4733837133,0.371511723650265
2024-12-01,523611,-199975,-85707,244604.377625825,-1.07061354840749
2024-12-08,559712,2894.5,88166,-573423.685856039,0.244337420534854
2024-12-15,581382.5,-63217.5,-232838,60775.9722699827,-0.498576850061953
2024-12-22,562675.75,-82065,59941.5,245976.579983988,-0.311419097328644
2024-12-29,514543,99938.75,112489.5,-29240.7229901759,0.374095802399377
2025-01-05,495252.5,72611.75,-53094,-278731.92167709,0.135464315712688
2025-01-12,582110,-70781.75,-85297,324243.450168326,-0.0866891641552633
2025-01-19,548145.5,-61360.75,-17557,17517.0440327439,-0.395129466634298
2025-01-26,547939,37288.5,42105,-66667.655568166,0.19868641501612
2025-02-02,481073.75,17647.5,97351.5,-323229.960455805,-0.0476247284818814
2025-02-09,518162.5,-28745.25,-213103.5,115551.88308653,-0.27784133855322
2025-02-16,552899,186670.25,388751.5,258352.112323559,1.40223229620223
2025-02-23,537837,-252271.25,-361442.5,143831.631566389,-1.55776186545791
2025-03-02,489968,108708.75,9291.5,-430900.363598919,0.259404067626713
2025-03-09,529711,13414.5,315457.5,34962.5667421736,0.62492824570018
2025-03-16,540940.5,-7862,-122343,69558.829953551,-0.163420336514518
2025-03-23,491096,-56167.5,-241103,86652.601624617,-0.737385353563016
2025-03-30,491474,-6956.5,115350.5,-297984.8142898,0.120499356532997
2025-04-06,545550,63782.25,56407.5,149939.999403699,0.522792769390778
2025-04-13,528837.25,130578.75,171738.5,156020.149703801,0.694016023796599
2025-04-20,486530,-109155,-300487.5,94752.3078357624,-1.00283693883822
2025-04-27,474072.25,-69190.5,81383.5,-253972.28212031,-0.218965933578382
2025-05-04,562284.5,-41877,-76173.5,44680.8569771082,0.0398018788890981
2025-05-11,538297.25,-33056.5,209455,150486.35733446,0.0684059434975038
2025-05-18,500617,81017,-104910,72609.3943623764,0.0392870403693459
2025-05-25,476123.75,-8140.5,-93552.5,-358584.716000995,-0.261955235717374
2025-06-01,534700,-33492,-85994.5,50311.6957647394,-0.0463221069683536
2025-06-08,555488,-57331.5,64431,93261.8976740586,-0.0686443590579095
2025-06-15,455627,35545,-49384,40868.9601764652,-0.288628362578717
2025-06-22,460656.75,112409.5,116550,-240635.985680844,0.61515364143453
2025-06-29,532344.5,-57961.5,112975,-29787.8806789588,0.175248862360454
2025-07-06,610071.25,31901,-53435,556642.434634216,0.338130784531063
2025-07-13,477264,15244.25,7897,-71495.870275791,-0.41098642167061
2025-07-20,476759.25,45005.75,124484.5,-348058.472786041,0.335667738429141
2025-07-27,563330.5,-52855.5,-290929.5,38271.1172080882,-0.305361685234456
2025-08-03,698399.25,-27017.5,195300,171699.822058258,0.642905236914552
2025-08-10,475351,64811.75,-27348,-83484.8567645537,-0.585530073301289
2025-08-17,466477.5,24014.25,79281.5,-71201.327159229,0.165867387219231
2025-08-24,534556,130335.5,70640.5,6581.18076912581,0.854359264881023
2025-08-31,578295.25,-154247.5,-112677.5,198025.009803751,-0.613658883004172
2025-09-07,526152,120423.25,17641.5,-140944.922091771,0.308402344807382
2025-09-14,480023.25,-108799.25,-15175.5,-67064.63002925,-0.626034931718972
2025-09-21,531717,489.75,-30380.5,-11187.0207565952,0.13949660536118
2025-09-28,587050.5,-31117.75,-52444,330900.741978905,0.0036613238217742
2025-10-05,546781,32452.75,48272,19520.105096523,0.0463198501085603
2025-10-12,468704,6542.75,100593.5,-311300.133875878,-0.127253933123408
2025-10-19,524924.5,98559.25,-33943.5,72044.1825595653,0.542934656743593
2025-10-26,574979.5,-168265.75,-66724,227410.892110877,-0.582996560299225
2025-11-02,470481,57458.25,-146355,107591.727414595,-0.349994033789972
2025-11-09,504920,104197.5,147760,35116.323762821,1.29314713099859
2025-11-16,473650.666666667,-178337.416666667,-17134,505244.979047734,-1.17395044235608
2025-11-23,547220.333333333,104039,-72333,-934976.132512623,0.645576680462296
2025-11-30,525428,48383.6666666667,40328,41966.7067854266,0.233812189321399
2025-12-07,463369,-65776,38839,153685.050591971,-0.603720824964664
2025-12-14,461218.333333333,-9605.33333333331,45177,91621.9465409264,0.0199415843690753
2025-12-21,488098.333333333,16205.3333333333,83708,-386754.08166007,0.306763668702055
2025-12-28,518252,33387,-11057,302767.693462543,0.319442559309419
2026-01-04,451552,-165997,31603,-120587.362241029,-1.20760144938799
2026-01-11,441750.666666667,32405.3333333333,-251497,145862.49096468,-0.354092929365234
2026-01-18,469748,44137.3333333334,-167311,-374164.192914654,0.0385566229431903
2026-01-25,570840.666666667,-6415.66666666669,179943.5,368674.759635147,0.823071849383171
2026-02-01,481546,69811.3333333333,224241.5,849956.067778304,0.39322132258123
2026-02-08,429597,23432.3333333334,-27533,-836794.20393664,-0.213342747787602
2026-02-15,463583.333333333,-33993.3333333334,-226065,-271501.326994209,-0.390998693687676
2026-02-22,534284.333333333,-39743.3333333333,183728.5,209490.685915772,0.487547135009633
2026-03-01,458399,3383,-37013.5,62624.0450034284,-0.436448752294597
2026-03-08,475423,20990,-94849,-36023.1171084994,0.0130391512815375
