"Date","Rate"
2018-01-01,0.0129
2018-01-02,0.0129
2018-01-03,0.0129
2018-01-04,0.0128
2018-01-05,0.0127
2018-01-08,0.013
2018-01-09,0.0127
2018-01-10,0.0131
2018-01-11,0.0132
2018-01-12,0.0131
2018-01-15,0.0132
2018-01-16,0.0133
2018-01-17,0.0131
2018-01-18,0.0129
2018-01-19,0.0128
2018-01-22,0.0127
2018-01-23,0.0126
2018-01-24,0.0125
2018-01-25,0.0123
2018-01-26,0.0124
2018-01-29,0.0128
2018-01-30,0.0149
2018-01-31,0.0143
2018-02-01,0.0141
2018-02-02,0.014
2018-02-05,0.014
2018-02-06,0.0148
2018-02-07,0.0136
2018-02-08,0.0132
2018-02-09,0.0131
2018-02-12,0.0135
2018-02-13,0.0134
2018-02-14,0.0132
2018-02-15,0.013
2018-02-16,0.0135
2018-02-19,0.0137
2018-02-20,0.0139
2018-02-21,0.014
2018-02-22,0.0134
2018-02-23,0.0138
2018-02-26,0.0139
2018-02-27,0.0149
2018-02-28,0.015
2018-03-01,0.015
2018-03-02,0.015
2018-03-05,0.0153
2018-03-06,0.0156
2018-03-07,0.0157
2018-03-08,0.0157
2018-03-09,0.0157
2018-03-12,0.016
2018-03-13,0.0164
2018-03-14,0.0171
2018-03-15,0.017
2018-03-16,0.0171
2018-03-19,0.017
2018-03-20,0.0176
2018-03-21,0.0171
2018-03-22,0.0167
2018-03-23,0.0169
2018-03-26,0.0171
2018-03-27,0.0169
2018-03-28,0.0165
2018-03-29,0.0163
2018-03-30,0.01655
2018-04-02,0.0168
2018-04-03,0.017
2018-04-04,0.0167
2018-04-05,0.0167
2018-04-06,0.0168
2018-04-09,0.0167
2018-04-10,0.0163
2018-04-11,0.0164
2018-04-12,0.0165
2018-04-13,0.0164
2018-04-16,0.0164
2018-04-17,0.0168
2018-04-18,0.0167
2018-04-19,0.0167
2018-04-20,0.0165
2018-04-23,0.0169
2018-04-24,0.017
2018-04-25,0.0165
2018-04-26,0.0162
2018-04-27,0.0162
2018-04-30,0.0165
2018-05-01,0.0168
2018-05-02,0.0169
2018-05-03,0.0168
2018-05-04,0.0167
2018-05-07,0.0169
2018-05-08,0.0169
2018-05-09,0.0168
2018-05-10,0.0169
2018-05-11,0.0168
2018-05-14,0.017
2018-05-15,0.0169
2018-05-16,0.0169
2018-05-17,0.017
2018-05-18,0.0168
2018-05-21,0.0171
2018-05-22,0.0173
2018-05-23,0.0176
2018-05-24,0.0174
2018-05-25,0.017
2018-05-28,0.01735
2018-05-29,0.0177
2018-05-30,0.0177
2018-05-31,0.0176
2018-06-01,0.0174
2018-06-04,0.0177
2018-06-05,0.0182
2018-06-06,0.0181
2018-06-07,0.0178
2018-06-08,0.0178
2018-06-11,0.0182
2018-06-12,0.0181
2018-06-13,0.0182
2018-06-14,0.0181
2018-06-15,0.0182
2018-06-18,0.0184
2018-06-19,0.0185
2018-06-20,0.0185
2018-06-21,0.0185
2018-06-22,0.0183
2018-06-25,0.018
2018-06-26,0.0179
2018-06-27,0.0179
2018-06-28,0.0176
2018-06-29,0.0177
2018-07-02,0.019
2018-07-03,0.0191
2018-07-04,0.0189
2018-07-05,0.0187
2018-07-06,0.0186
2018-07-09,0.0187
2018-07-10,0.0188
2018-07-11,0.0189
2018-07-12,0.0189
2018-07-13,0.0187
2018-07-16,0.019
2018-07-17,0.0193
2018-07-18,0.019
2018-07-19,0.0189
2018-07-20,0.0186
2018-07-23,0.0188
2018-07-24,0.0192
2018-07-25,0.019
2018-07-26,0.0189
2018-07-27,0.019
2018-07-30,0.0191
2018-07-31,0.0194
2018-08-01,0.0193
2018-08-02,0.0189
2018-08-03,0.019
2018-08-06,0.0192
2018-08-07,0.0196
2018-08-08,0.0193
2018-08-09,0.0191
2018-08-10,0.0192
2018-08-13,0.0193
2018-08-14,0.0196
2018-08-15,0.0196
2018-08-16,0.0196
2018-08-17,0.0195
2018-08-20,0.0193
2018-08-21,0.0194
2018-08-22,0.0195
2018-08-23,0.0194
2018-08-24,0.0195
2018-08-27,0.0196
2018-08-28,0.0196
2018-08-29,0.0197
2018-08-30,0.0197
2018-08-31,0.0195
2018-09-03,0.01975
2018-09-04,0.02
2018-09-05,0.02
2018-09-06,0.0198
2018-09-07,0.0198
2018-09-10,0.0198
2018-09-11,0.0202
2018-09-12,0.0201
2018-09-13,0.0201
2018-09-14,0.0202
2018-09-17,0.0202
2018-09-18,0.0205
2018-09-19,0.0203
2018-09-20,0.0203
2018-09-21,0.0205
2018-09-24,0.0207
2018-09-25,0.0212
2018-09-26,0.0211
2018-09-27,0.021
2018-09-28,0.0212
2018-10-01,0.0213
2018-10-02,0.0214
2018-10-03,0.0215
2018-10-04,0.0216
2018-10-05,0.0215
2018-10-08,0.0216
2018-10-09,0.0217
2018-10-10,0.0218
2018-10-11,0.0214
2018-10-12,0.0214
2018-10-15,0.0217
2018-10-16,0.0219
2018-10-17,0.022
2018-10-18,0.0219
2018-10-19,0.0219
2018-10-22,0.0218
2018-10-23,0.0221
2018-10-24,0.022
2018-10-25,0.0219
2018-10-26,0.0216
2018-10-29,0.0217
2018-10-30,0.0221
2018-10-31,0.022
2018-11-01,0.0221
2018-11-02,0.0219
2018-11-05,0.022
2018-11-06,0.0223
2018-11-07,0.0223
2018-11-08,0.0221
2018-11-09,0.0221
2018-11-12,0.02225
2018-11-13,0.0224
2018-11-14,0.0224
2018-11-15,0.022
2018-11-16,0.0221
2018-11-19,0.0223
2018-11-20,0.0223
2018-11-21,0.0225
2018-11-22,0.0225
2018-11-23,0.0225
2018-11-26,0.0224
2018-11-27,0.0231
2018-11-28,0.0231
2018-11-29,0.0231
2018-11-30,0.0231
2018-12-03,0.023
2018-12-04,0.0237
2018-12-05,0.02365
2018-12-06,0.0236
2018-12-07,0.0232
2018-12-10,0.0232
2018-12-11,0.0228
2018-12-12,0.023
2018-12-13,0.0236
2018-12-14,0.0236
2018-12-17,0.0236
2018-12-18,0.0235
2018-12-19,0.0235
2018-12-20,0.0242
2018-12-21,0.0241
2018-12-24,0.0242
2018-12-25,0.02415
2018-12-26,0.0241
2018-12-27,0.0243
2018-12-28,0.0239
2018-12-31,0.0244
2019-01-01,0.0242
2019-01-02,0.024
2019-01-03,0.0242
2019-01-04,0.024
2019-01-07,0.0242
2019-01-08,0.024
2019-01-09,0.024
2019-01-10,0.0242
2019-01-11,0.0241
2019-01-14,0.0242
2019-01-15,0.0241
2019-01-16,0.0241
2019-01-17,0.0241
2019-01-18,0.024
2019-01-21,0.0239
2019-01-22,0.0238
2019-01-23,0.0237
2019-01-24,0.0238
2019-01-25,0.0236
2019-01-28,0.0239
2019-01-29,0.0239
2019-01-30,0.024
2019-01-31,0.0242
2019-02-01,0.0241
2019-02-04,0.0241
2019-02-05,0.0239
2019-02-06,0.024
2019-02-07,0.0243
2019-02-08,0.0243
2019-02-11,0.0244
2019-02-12,0.0242
2019-02-13,0.0242
2019-02-14,0.0245
2019-02-15,0.0243
2019-02-18,0.02435
2019-02-19,0.0244
2019-02-20,0.0241
2019-02-21,0.0243
2019-02-22,0.0243
2019-02-25,0.0244
2019-02-26,0.0243
2019-02-27,0.0243
2019-02-28,0.0244
2019-03-01,0.0244
2019-03-04,0.0245
2019-03-05,0.0244
2019-03-06,0.0243
2019-03-07,0.0245
2019-03-08,0.0245
2019-03-11,0.0244
2019-03-12,0.0244
2019-03-13,0.0243
2019-03-14,0.0248
2019-03-15,0.0246
2019-03-18,0.0247
2019-03-19,0.0246
2019-03-20,0.0245
2019-03-21,0.0251
2019-03-22,0.0249
2019-03-25,0.0247
2019-03-26,0.0246
2019-03-27,0.0245
2019-03-28,0.0244
2019-03-29,0.0243
2019-04-01,0.0242
2019-04-02,0.0243
2019-04-03,0.0242
2019-04-04,0.0243
2019-04-05,0.0242
2019-04-08,0.0243
2019-04-09,0.0242
2019-04-10,0.024
2019-04-11,0.0242
2019-04-12,0.0241
2019-04-15,0.0242
2019-04-16,0.0243
2019-04-17,0.0243
2019-04-18,0.0244
2019-04-19,0.0244
2019-04-22,0.0244
2019-04-23,0.0243
2019-04-24,0.0242
2019-04-25,0.0243
2019-04-26,0.0242
2019-04-29,0.0245
2019-04-30,0.0243
2019-05-01,0.0242
2019-05-02,0.0244
2019-05-03,0.0242
2019-05-06,0.0243
2019-05-07,0.0244
2019-05-08,0.0242
2019-05-09,0.0243
2019-05-10,0.0242
2019-05-13,0.0241
2019-05-14,0.0241
2019-05-15,0.024
2019-05-16,0.024
2019-05-17,0.0239
2019-05-20,0.0239
2019-05-21,0.0237
2019-05-22,0.0236
2019-05-23,0.0238
2019-05-24,0.0237
2019-05-27,0.0236
2019-05-28,0.0235
2019-05-29,0.0235
2019-05-30,0.0237
2019-05-31,0.0235
2019-06-03,0.0236
2019-06-04,0.0234
2019-06-05,0.0231
2019-06-06,0.0232
2019-06-07,0.023
2019-06-10,0.023
2019-06-11,0.0227
2019-06-12,0.0219
2019-06-13,0.0224
2019-06-14,0.0223
2019-06-17,0.0222
2019-06-18,0.0218
2019-06-19,0.0214
2019-06-20,0.0217
2019-06-21,0.0216
2019-06-24,0.0212
2019-06-25,0.0211
2019-06-26,0.0211
2019-06-27,0.0219
2019-06-28,0.0218
2019-07-01,0.0217
2019-07-02,0.0221
2019-07-03,0.0225
2019-07-04,0.02255
2019-07-05,0.0226
2019-07-08,0.0223
2019-07-09,0.0222
2019-07-10,0.0218
2019-07-11,0.0217
2019-07-12,0.0216
2019-07-15,0.0217
2019-07-16,0.0216
2019-07-17,0.0213
2019-07-18,0.0211
2019-07-19,0.0211
2019-07-22,0.0213
2019-07-23,0.0212
2019-07-24,0.021
2019-07-25,0.0216
2019-07-26,0.0213
2019-07-29,0.0212
2019-07-30,0.0207
2019-07-31,0.0201
2019-08-01,0.0211
2019-08-02,0.0211
2019-08-05,0.0207
2019-08-06,0.0205
2019-08-07,0.0202
2019-08-08,0.0209
2019-08-09,0.0205
2019-08-12,0.0209
2019-08-13,0.0205
2019-08-14,0.0198
2019-08-15,0.0208
2019-08-16,0.0205
2019-08-19,0.0206
2019-08-20,0.0205
2019-08-21,0.0203
2019-08-22,0.021
2019-08-23,0.0207
2019-08-26,0.0209
2019-08-27,0.0207
2019-08-28,0.0207
2019-08-29,0.021
2019-08-30,0.021
2019-09-02,0.0208
2019-09-03,0.0206
2019-09-04,0.0205
2019-09-05,0.0205
2019-09-06,0.0205
2019-09-09,0.0204
2019-09-10,0.0204
2019-09-11,0.0201
2019-09-12,0.0199
2019-09-13,0.0199
2019-09-16,0.0208
2019-09-17,0.021
2019-09-18,0.0194
2019-09-19,0.0201
2019-09-20,0.0195
2019-09-23,0.0194
2019-09-24,0.019
2019-09-25,0.018
2019-09-26,0.0191
2019-09-27,0.019
2019-09-30,0.0191
2019-10-01,0.0179
2019-10-02,0.0175
2019-10-03,0.0178
2019-10-04,0.0173
2019-10-07,0.0176
2019-10-08,0.0169
2019-10-09,0.0169
2019-10-10,0.0174
2019-10-11,0.0176
2019-10-14,0.0175
2019-10-15,0.0174
2019-10-16,0.0171
2019-10-17,0.0174
2019-10-18,0.0175
2019-10-21,0.0176
2019-10-22,0.0175
2019-10-23,0.0174
2019-10-24,0.0175
2019-10-25,0.0173
2019-10-28,0.0174
2019-10-29,0.0166
2019-10-30,0.0161
2019-10-31,0.0159
2019-11-01,0.0158
2019-11-04,0.0158
2019-11-05,0.0156
2019-11-06,0.0155
2019-11-07,0.0157
2019-11-08,0.0156
2019-11-11,0.0156
2019-11-12,0.0156
2019-11-13,0.0156
2019-11-14,0.0159
2019-11-15,0.0159
2019-11-18,0.0159
2019-11-19,0.0158
2019-11-20,0.0157
2019-11-21,0.0157
2019-11-22,0.0158
2019-11-25,0.016
2019-11-26,0.0163
2019-11-27,0.0165
2019-11-28,0.01635
2019-11-29,0.0162
2019-12-02,0.016
2019-12-03,0.0156
2019-12-04,0.0159
2019-12-05,0.0152
2019-12-06,0.0152
2019-12-09,0.0154
2019-12-10,0.0153
2019-12-11,0.0154
2019-12-12,0.0157
2019-12-13,0.0155
2019-12-16,0.0157
2019-12-17,0.0156
2019-12-18,0.0156
2019-12-19,0.0154
2019-12-20,0.0157
2019-12-23,0.0157
2019-12-24,0.0155
2019-12-25,0.0157
2019-12-26,0.0159
2019-12-27,0.0156
2019-12-30,0.0151
2019-12-31,0.0148
2020-01-01,0.01505
2020-01-02,0.0153
2020-01-03,0.0152
2020-01-06,0.0154
2020-01-07,0.0152
2020-01-08,0.015
2020-01-09,0.0153
2020-01-10,0.0152
2020-01-13,0.0154
2020-01-14,0.0153
2020-01-15,0.0153
2020-01-16,0.0154
2020-01-17,0.0154
2020-01-20,0.0153
2020-01-21,0.0152
2020-01-22,0.0152
2020-01-23,0.0155
2020-01-24,0.0154
2020-01-27,0.0153
2020-01-28,0.0153
2020-01-29,0.0152
2020-01-30,0.0159
2020-01-31,0.0156
2020-02-03,0.0156
2020-02-04,0.0155
2020-02-05,0.0155
2020-02-06,0.0159
2020-02-07,0.0157
2020-02-10,0.0158
2020-02-11,0.0157
2020-02-12,0.0157
2020-02-13,0.0159
2020-02-14,0.016
2020-02-17,0.01605
2020-02-18,0.0161
2020-02-19,0.0161
2020-02-20,0.0161
2020-02-21,0.016
2020-02-24,0.016
2020-02-25,0.0159
2020-02-26,0.0159
2020-02-27,0.0156
2020-02-28,0.0145
2020-03-02,0.0141
2020-03-03,0.0111
2020-03-04,0.01
2020-03-05,0.0092
2020-03-06,0.0079
2020-03-09,0.0057
2020-03-10,0.0057
2020-03-11,0.0042
2020-03-12,0.0041
2020-03-13,0.0033
2020-03-16,0.0025
2020-03-17,0.0012
2020-03-18,0.0004
2020-03-19,0.0004
2020-03-20,0.0004
2020-03-23,0.0001
2020-03-24,0.0001
2020-03-25,0
2020-03-26,0.0001
2020-03-27,0.0001
2020-03-30,0.0004
2020-03-31,0.0005
2020-04-01,0.0003
2020-04-02,0.0009
2020-04-03,0.0009
2020-04-06,0.0009
2020-04-07,0.001
2020-04-08,0.0014
2020-04-09,0.002
2020-04-10,0.00185
2020-04-13,0.0017
2020-04-14,0.0017
2020-04-15,0.0014
2020-04-16,0.0014
2020-04-17,0.0012
2020-04-20,0.001
2020-04-21,0.0008
2020-04-22,0.0009
2020-04-23,0.0009
2020-04-24,0.001
2020-04-27,0.0009
2020-04-28,0.0008
2020-04-29,0.001
2020-04-30,0.001
2020-05-01,0.001
2020-05-04,0.001
2020-05-05,0.0009
2020-05-06,0.0008
2020-05-07,0.001
2020-05-08,0.001
2020-05-11,0.0009
2020-05-12,0.001
2020-05-13,0.001
2020-05-14,0.0009
2020-05-15,0.0009
2020-05-18,0.001
2020-05-19,0.0009
2020-05-20,0.0008
2020-05-21,0.0009
2020-05-22,0.0009
2020-05-25,0.00095
2020-05-26,0.001
2020-05-27,0.0011
2020-05-28,0.0014
2020-05-29,0.0013
2020-06-01,0.0012
2020-06-02,0.0012
2020-06-03,0.0012
2020-06-04,0.0013
2020-06-05,0.0013
2020-06-08,0.0015
2020-06-09,0.0014
2020-06-10,0.0013
2020-06-11,0.0014
2020-06-12,0.0014
2020-06-15,0.0015
2020-06-16,0.0014
2020-06-17,0.0013
2020-06-18,0.0013
2020-06-19,0.0013
2020-06-22,0.0014
2020-06-23,0.0012
2020-06-24,0.0011
2020-06-25,0.0013
2020-06-26,0.0012
2020-06-29,0.0011
2020-06-30,0.0013
2020-07-01,0.0012
2020-07-02,0.0013
2020-07-03,0.00125
2020-07-06,0.0012
2020-07-07,0.0012
2020-07-08,0.0011
2020-07-09,0.0011
2020-07-10,0.001
2020-07-13,0.0011
2020-07-14,0.0011
2020-07-15,0.0012
2020-07-16,0.0012
2020-07-17,0.0011
2020-07-20,0.0011
2020-07-21,0.0009
2020-07-22,0.0009
2020-07-23,0.0009
2020-07-24,0.001
2020-07-27,0.001
2020-07-28,0.0009
2020-07-29,0.0009
2020-07-30,0.001
2020-07-31,0.0009
2020-08-03,0.0009
2020-08-04,0.0009
2020-08-05,0.0008
2020-08-06,0.0007
2020-08-07,0.0008
2020-08-10,0.0009
2020-08-11,0.0008
2020-08-12,0.0008
2020-08-13,0.0008
2020-08-14,0.0009
2020-08-17,0.0009
2020-08-18,0.0008
2020-08-19,0.0007
2020-08-20,0.0008
2020-08-21,0.0007
2020-08-24,0.0009
2020-08-25,0.0008
2020-08-26,0.0008
2020-08-27,0.0009
2020-08-28,0.0009
2020-08-31,0.0008
2020-09-01,0.0009
2020-09-02,0.001
2020-09-03,0.001
2020-09-04,0.0009
2020-09-07,0.00095
2020-09-08,0.001
2020-09-09,0.001
2020-09-10,0.001
2020-09-11,0.001
2020-09-14,0.001
2020-09-15,0.0009
2020-09-16,0.0008
2020-09-17,0.0009
2020-09-18,0.0009
2020-09-21,0.0009
2020-09-22,0.0008
2020-09-23,0.0008
2020-09-24,0.0008
2020-09-25,0.0008
2020-09-28,0.0009
2020-09-29,0.0007
2020-09-30,0.0008
2020-10-01,0.0009
2020-10-02,0.001
2020-10-05,0.0009
2020-10-06,0.0008
2020-10-07,0.0008
2020-10-08,0.0009
2020-10-09,0.001
2020-10-12,0.00095
2020-10-13,0.0009
2020-10-14,0.001
2020-10-15,0.001
2020-10-16,0.0009
2020-10-19,0.0009
2020-10-20,0.0008
2020-10-21,0.0008
2020-10-22,0.0009
2020-10-23,0.0008
2020-10-26,0.0008
2020-10-27,0.0008
2020-10-28,0.0007
2020-10-29,0.0008
2020-10-30,0.0008
2020-11-02,0.0009
2020-11-03,0.0009
2020-11-04,0.0008
2020-11-05,0.0009
2020-11-06,0.001
2020-11-09,0.001
2020-11-10,0.0009
2020-11-11,0.00095
2020-11-12,0.001
2020-11-13,0.001
2020-11-16,0.0009
2020-11-17,0.0008
2020-11-18,0.0007
2020-11-19,0.0008
2020-11-20,0.0009
2020-11-23,0.0008
2020-11-24,0.0008
2020-11-25,0.0007
2020-11-26,0.0008
2020-11-27,0.0009
2020-11-30,0.0008
2020-12-01,0.0007
2020-12-02,0.0007
2020-12-03,0.0008
2020-12-04,0.0007
2020-12-07,0.0009
2020-12-08,0.0008
2020-12-09,0.0007
2020-12-10,0.0007
2020-12-11,0.0008
2020-12-14,0.0007
2020-12-15,0.0007
2020-12-16,0.0008
2020-12-17,0.0008
2020-12-18,0.0008
2020-12-21,0.0008
2020-12-22,0.0007
2020-12-23,0.0007
2020-12-24,0.0009
2020-12-25,0.0009
2020-12-28,0.0009
2020-12-29,0.0008
2020-12-30,0.0006
2020-12-31,0.0008
2021-01-01,0.00085
2021-01-04,0.0009
2021-01-05,0.0008
2021-01-06,0.0009
2021-01-07,0.0009
2021-01-08,0.0008
2021-01-11,0.0009
2021-01-12,0.0009
2021-01-13,0.0009
2021-01-14,0.0009
2021-01-15,0.0008
2021-01-18,0.00075
2021-01-19,0.0007
2021-01-20,0.0008
2021-01-21,0.0007
2021-01-22,0.0007
2021-01-25,0.0007
2021-01-26,0.0005
2021-01-27,0.0005
2021-01-28,0.0005
2021-01-29,0.0007
2021-02-01,0.0006
2021-02-02,0.0004
2021-02-03,0.0003
2021-02-04,0.0003
2021-02-05,0.0002
2021-02-08,0.0004
2021-02-09,0.0004
2021-02-10,0.0005
2021-02-11,0.0005
2021-02-12,0.0003
2021-02-15,0.0003
2021-02-16,0.0003
2021-02-17,0.0003
2021-02-18,0.0003
2021-02-19,0.0003
2021-02-22,0.0003
2021-02-23,0.0003
2021-02-24,0.0003
2021-02-25,0.0004
2021-02-26,0.0004
2021-03-01,0.0003
2021-03-02,0.0004
2021-03-03,0.0004
2021-03-04,0.0003
2021-03-05,0.0004
2021-03-08,0.0004
2021-03-09,0.0004
2021-03-10,0.0003
2021-03-11,0.0004
2021-03-12,0.0003
2021-03-15,0.0002
2021-03-16,0.0001
2021-03-17,0.0001
2021-03-18,0.0001
2021-03-19,0.0001
2021-03-22,0.0002
2021-03-23,0.0002
2021-03-24,0.0002
2021-03-25,0.0002
2021-03-26,0.0002
2021-03-29,0.0002
2021-03-30,0.0001
2021-03-31,0.0001
2021-04-01,0.0002
2021-04-02,0.0002
2021-04-05,0.0003
2021-04-06,0.0002
2021-04-07,0.0001
2021-04-08,0.0002
2021-04-09,0.0002
2021-04-12,0.0002
2021-04-13,0.0003
2021-04-14,0.0002
2021-04-15,0.0002
2021-04-16,0.0002
2021-04-19,0.0001
2021-04-20,0.0001
2021-04-21,0
2021-04-22,0.0002
2021-04-23,0.0001
2021-04-26,0.0002
2021-04-27,0.0001
2021-04-28,0.0001
2021-04-29,0.0001
2021-04-30,0.0001
2021-05-03,0.0002
2021-05-04,0.0001
2021-05-05,0.0001
2021-05-06,0.0001
2021-05-07,0.0001
2021-05-10,0.0002
2021-05-11,0.0001
2021-05-12,0.0001
2021-05-13,0
2021-05-14,0.0001
2021-05-17,0
2021-05-18,0
2021-05-19,0
2021-05-20,0.0001
2021-05-21,0
2021-05-24,0.0001
2021-05-25,0.0001
2021-05-26,0
2021-05-27,0
2021-05-28,0.0001
2021-05-31,0.0001
2021-06-01,0.0001
2021-06-02,0.0001
2021-06-03,0
2021-06-04,0.0001
2021-06-07,0.0001
2021-06-08,0.0001
2021-06-09,0.0001
2021-06-10,0.0001
2021-06-11,0.0001
2021-06-14,0.0001
2021-06-15,0.0002
2021-06-16,0.0004
2021-06-17,0.0005
2021-06-18,0.0005
2021-06-21,0.0004
2021-06-22,0.0004
2021-06-23,0.0004
2021-06-24,0.0005
2021-06-25,0.0005
2021-06-28,0.0004
2021-06-29,0.0004
2021-06-30,0.0005
2021-07-01,0.0005
2021-07-02,0.0005
2021-07-05,0.0005
2021-07-06,0.0005
2021-07-07,0.0005
2021-07-08,0.0006
2021-07-09,0.0006
2021-07-12,0.0005
2021-07-13,0.0005
2021-07-14,0.0006
2021-07-15,0.0005
2021-07-16,0.0005
2021-07-19,0.0005
2021-07-20,0.0005
2021-07-21,0.0004
2021-07-22,0.0004
2021-07-23,0.0005
2021-07-26,0.0005
2021-07-27,0.0004
2021-07-28,0.0004
2021-07-29,0.0005
2021-07-30,0.0005
2021-08-02,0.0005
2021-08-03,0.0005
2021-08-04,0.0005
2021-08-05,0.0005
2021-08-06,0.0004
2021-08-09,0.0004
2021-08-10,0.0005
2021-08-11,0.0005
2021-08-12,0.0005
2021-08-13,0.0004
2021-08-16,0.0004
2021-08-17,0.0003
2021-08-18,0.0003
2021-08-19,0.0004
2021-08-20,0.0004
2021-08-23,0.0004
2021-08-24,0.0003
2021-08-25,0.0004
2021-08-26,0.0004
2021-08-27,0.0004
2021-08-30,0.0004
2021-08-31,0.0003
2021-09-01,0.0004
2021-09-02,0.0005
2021-09-03,0.0004
2021-09-06,0.0004
2021-09-07,0.0004
2021-09-08,0.0005
2021-09-09,0.0007
2021-09-10,0.0006
2021-09-13,0.0006
2021-09-14,0.0005
2021-09-15,0.0004
2021-09-16,0.0006
2021-09-17,0.0006
2021-09-20,0.0006
2021-09-21,0.0005
2021-09-22,0.0004
2021-09-23,0.0005
2021-09-24,0.0006
2021-09-27,0.0006
2021-09-28,0.0007
2021-09-29,0.0005
2021-09-30,0.0007
2021-10-01,0.0008
2021-10-04,0.0009
2021-10-05,0.001
2021-10-06,0.0006
2021-10-07,0.0003
2021-10-08,0.0002
2021-10-11,0.00025
2021-10-12,0.0003
2021-10-13,0.0003
2021-10-14,0.0005
2021-10-15,0.0004
2021-10-18,0.0005
2021-10-19,0.0006
2021-10-20,0.0006
2021-10-21,0.0006
2021-10-22,0.0005
2021-10-25,0.0007
2021-10-26,0.0006
2021-10-27,0.0006
2021-10-28,0.0006
2021-10-29,0.0006
2021-11-01,0.0005
2021-11-02,0.0005
2021-11-03,0.0005
2021-11-04,0.0005
2021-11-05,0.0005
2021-11-08,0.0004
2021-11-09,0.0004
2021-11-10,0.0006
2021-11-11,0.00055
2021-11-12,0.0005
2021-11-15,0.0006
2021-11-16,0.0006
2021-11-17,0.0006
2021-11-18,0.0012
2021-11-19,0.0011
2021-11-22,0.0007
2021-11-23,0.0006
2021-11-24,0.0014
2021-11-25,0.00125
2021-11-26,0.0011
2021-11-29,0.0007
2021-11-30,0.0011
2021-12-01,0.0009
2021-12-02,0.0005
2021-12-03,0.0004
2021-12-06,0.0005
2021-12-07,0.0005
2021-12-08,0.0004
2021-12-09,0.0003
2021-12-10,0.0003
2021-12-13,0.0001
2021-12-14,0.0002
2021-12-15,0.0003
2021-12-16,0.0004
2021-12-17,0.0003
2021-12-20,0.0003
2021-12-21,0.0003
2021-12-22,0.0003
2021-12-23,0.0004
2021-12-24,0.0004
2021-12-27,0.0004
2021-12-28,0.0003
2021-12-29,0.0001
2021-12-30,0.0006
2021-12-31,0.0006
2022-01-03,0.0005
2022-01-04,0.0006
2022-01-05,0.0005
2022-01-06,0.0004
2022-01-07,0.0005
2022-01-10,0.0005
2022-01-11,0.0004
2022-01-12,0.0004
2022-01-13,0.0005
2022-01-14,0.0005
2022-01-17,0.0005
2022-01-18,0.0005
2022-01-19,0.0005
2022-01-20,0.0005
2022-01-21,0.0005
2022-01-24,0.0005
2022-01-25,0.0005
2022-01-26,0.0006
2022-01-27,0.0004
2022-01-28,0.0004
2022-01-31,0.0003
2022-02-01,0.0004
2022-02-02,0.0004
2022-02-03,0.0003
2022-02-04,0.0005
2022-02-07,0.0003
2022-02-08,0.0003
2022-02-09,0.0004
2022-02-10,0.0005
2022-02-11,0.0003
2022-02-14,0.0003
2022-02-15,0.0002
2022-02-16,0.0003
2022-02-17,0.0006
2022-02-18,0.0003
2022-02-21,0.0003
2022-02-22,0.0003
2022-02-23,0.0002
2022-02-24,0.0005
2022-02-25,0.0003
2022-02-28,0.0006
2022-03-01,0.0011
2022-03-02,0.0013
2022-03-03,0.0019
2022-03-04,0.0015
2022-03-07,0.0017
2022-03-08,0.0016
2022-03-09,0.0018
2022-03-10,0.0019
2022-03-11,0.0017
2022-03-14,0.0023
2022-03-15,0.0022
2022-03-16,0.0024
2022-03-17,0.002
2022-03-18,0.0019
2022-03-21,0.0022
2022-03-22,0.002
2022-03-23,0.0015
2022-03-24,0.0016
2022-03-25,0.0017
2022-03-28,0.0019
2022-03-29,0.0018
2022-03-30,0.0016
2022-03-31,0.0017
2022-04-01,0.0015
2022-04-04,0.0018
2022-04-05,0.0018
2022-04-06,0.0021
2022-04-07,0.0021
2022-04-08,0.002
2022-04-11,0.0022
2022-04-12,0.0021
2022-04-13,0.0026
2022-04-14,0.0037
2022-04-15,0.00375
2022-04-18,0.0038
2022-04-19,0.0037
2022-04-20,0.0035
2022-04-21,0.005
2022-04-22,0.0046
2022-04-25,0.004
2022-04-26,0.0038
2022-04-27,0.0037
2022-04-28,0.0037
2022-04-29,0.0037
2022-05-02,0.0041
2022-05-03,0.0048
2022-05-04,0.0049
2022-05-05,0.0049
2022-05-06,0.0048
2022-05-09,0.0051
2022-05-10,0.0057
2022-05-11,0.0059
2022-05-12,0.0061
2022-05-13,0.0067
2022-05-16,0.0064
2022-05-17,0.0061
2022-05-18,0.0056
2022-05-19,0.0065
2022-05-20,0.0063
2022-05-23,0.0055
2022-05-24,0.0055
2022-05-25,0.0058
2022-05-26,0.0071
2022-05-27,0.0069
2022-05-30,0.0071
2022-05-31,0.0073
2022-06-01,0.0077
2022-06-02,0.0085
2022-06-03,0.0087
2022-06-06,0.0088
2022-06-07,0.0087
2022-06-08,0.0089
2022-06-09,0.0105
2022-06-10,0.011
2022-06-13,0.0113
2022-06-14,0.0119
2022-06-15,0.0121
2022-06-16,0.0119
2022-06-17,0.0115
2022-06-20,0.01115
2022-06-21,0.0108
2022-06-22,0.0098
2022-06-23,0.0112
2022-06-24,0.0119
2022-06-27,0.0116
2022-06-28,0.0112
2022-06-29,0.0112
2022-06-30,0.0128
2022-07-01,0.0127
2022-07-04,0.013
2022-07-05,0.0133
2022-07-06,0.0136
2022-07-07,0.0155
2022-07-08,0.0157
2022-07-11,0.0158
2022-07-12,0.0163
2022-07-13,0.0178
2022-07-14,0.0199
2022-07-15,0.0198
2022-07-18,0.0196
2022-07-19,0.0193
2022-07-20,0.0192
2022-07-21,0.0215
2022-07-22,0.0215
2022-07-25,0.0214
2022-07-26,0.0217
2022-07-27,0.0214
2022-07-28,0.022
2022-07-29,0.0222
2022-08-01,0.0222
2022-08-02,0.0222
2022-08-03,0.022
2022-08-04,0.0219
2022-08-05,0.0221
2022-08-08,0.0223
2022-08-09,0.0223
2022-08-10,0.0224
2022-08-11,0.0224
2022-08-12,0.0223
2022-08-15,0.0227
2022-08-16,0.0226
2022-08-17,0.0222
2022-08-18,0.0223
2022-08-19,0.0223
2022-08-22,0.0227
2022-08-23,0.0228
2022-08-24,0.0229
2022-08-25,0.0242
2022-08-26,0.0239
2022-08-29,0.0245
2022-08-30,0.0243
2022-08-31,0.024
2022-09-01,0.0253
2022-09-02,0.0249
2022-09-05,0.02465
2022-09-06,0.0244
2022-09-07,0.023
2022-09-08,0.0257
2022-09-09,0.0257
2022-09-12,0.0262
2022-09-13,0.0255
2022-09-14,0.0254
2022-09-15,0.0276
2022-09-16,0.0268
2022-09-19,0.0262
2022-09-20,0.0257
2022-09-21,0.0259
2022-09-22,0.0273
2022-09-23,0.0267
2022-09-26,0.0273
2022-09-27,0.0271
2022-09-28,0.0263
2022-09-29,0.0278
2022-09-30,0.0279
2022-10-03,0.0287
2022-10-04,0.0291
2022-10-05,0.0289
2022-10-06,0.0305
2022-10-07,0.0303
2022-10-10,0.0305
2022-10-11,0.0307
2022-10-12,0.0307
2022-10-13,0.0335
2022-10-14,0.033
2022-10-17,0.033
2022-10-18,0.0325
2022-10-19,0.0331
2022-10-20,0.0358
2022-10-21,0.0355
2022-10-24,0.0357
2022-10-25,0.0356
2022-10-26,0.0354
2022-10-27,0.0376
2022-10-28,0.0375
2022-10-31,0.0373
2022-11-01,0.0372
2022-11-02,0.037
2022-11-03,0.0375
2022-11-04,0.0373
2022-11-07,0.0378
2022-11-08,0.0366
2022-11-09,0.0365
2022-11-10,0.0371
2022-11-11,0.03715
2022-11-14,0.0372
2022-11-15,0.0377
2022-11-16,0.0381
2022-11-17,0.0393
2022-11-18,0.0393
2022-11-21,0.0397
2022-11-22,0.0397
2022-11-23,0.0412
2022-11-24,0.0414
2022-11-25,0.0416
2022-11-28,0.0411
2022-11-29,0.0408
2022-11-30,0.0407
2022-12-01,0.0404
2022-12-02,0.0391
2022-12-05,0.0393
2022-12-06,0.0387
2022-12-07,0.0379
2022-12-08,0.0375
2022-12-09,0.0381
2022-12-12,0.0386
2022-12-13,0.0389
2022-12-14,0.0391
2022-12-15,0.0395
2022-12-16,0.0394
2022-12-19,0.0395
2022-12-20,0.0389
2022-12-21,0.039
2022-12-22,0.038
2022-12-23,0.038
2022-12-26,0.03835
2022-12-27,0.0387
2022-12-28,0.0386
2022-12-29,0.0404
2022-12-30,0.0412
2023-01-02,0.04145
2023-01-03,0.0417
2023-01-04,0.042
2023-01-05,0.043
2023-01-06,0.0432
2023-01-09,0.0437
2023-01-10,0.0441
2023-01-11,0.0442
2023-01-12,0.0457
2023-01-13,0.0458
2023-01-16,0.0459
2023-01-17,0.046
2023-01-18,0.0459
2023-01-19,0.0469
2023-01-20,0.0469
2023-01-23,0.0469
2023-01-24,0.047
2023-01-25,0.0467
2023-01-26,0.0461
2023-01-27,0.0461
2023-01-30,0.046
2023-01-31,0.0458
2023-02-01,0.0459
2023-02-02,0.0462
2023-02-03,0.0461
2023-02-06,0.0461
2023-02-07,0.0462
2023-02-08,0.0464
2023-02-09,0.0466
2023-02-10,0.0466
2023-02-13,0.0466
2023-02-14,0.0463
2023-02-15,0.0464
2023-02-16,0.0466
2023-02-17,0.0464
2023-02-20,0.04635
2023-02-21,0.0463
2023-02-22,0.0462
2023-02-23,0.0466
2023-02-24,0.0468
2023-02-27,0.0467
2023-02-28,0.0465
2023-03-01,0.0467
2023-03-02,0.0475
2023-03-03,0.0475
2023-03-06,0.0475
2023-03-07,0.048
2023-03-08,0.0477
2023-03-09,0.0483
2023-03-10,0.0481
2023-03-13,0.0462
2023-03-14,0.0447
2023-03-15,0.0423
2023-03-16,0.0422
2023-03-17,0.0431
2023-03-20,0.0434
2023-03-21,0.0407
2023-03-22,0.0416
2023-03-23,0.0426
2023-03-24,0.0428
2023-03-27,0.0422
2023-03-28,0.0424
2023-03-29,0.0434
2023-03-30,0.0474
2023-03-31,0.0474
2023-04-03,0.047
2023-04-04,0.0466
2023-04-05,0.0462
2023-04-06,0.0457
2023-04-07,0.0456
2023-04-10,0.0453
2023-04-11,0.0427
2023-04-12,0.0427
2023-04-13,0.0408
2023-04-14,0.0429
2023-04-17,0.0409
2023-04-18,0.0389
2023-04-19,0.0395
2023-04-20,0.034
2023-04-21,0.0336
2023-04-24,0.0354
2023-04-25,0.0411
2023-04-26,0.0391
2023-04-27,0.0427
2023-04-28,0.0435
2023-05-01,0.0449
2023-05-02,0.0456
2023-05-03,0.047
2023-05-04,0.0576
2023-05-05,0.0559
2023-05-08,0.0551
2023-05-09,0.0556
2023-05-10,0.055
2023-05-11,0.0581
2023-05-12,0.0579
2023-05-15,0.0564
2023-05-16,0.0558
2023-05-17,0.055
2023-05-18,0.0559
2023-05-19,0.0562
2023-05-22,0.0569
2023-05-23,0.0567
2023-05-24,0.0573
2023-05-25,0.0595
2023-05-26,0.0602
2023-05-29,0.05665
2023-05-30,0.0531
2023-05-31,0.0528
2023-06-01,0.053
2023-06-02,0.0528
2023-06-05,0.0525
2023-06-06,0.0515
2023-06-07,0.0507
2023-06-08,0.0525
2023-06-09,0.0525
2023-06-12,0.0524
2023-06-13,0.0519
2023-06-14,0.0518
2023-06-15,0.0518
2023-06-16,0.0518
2023-06-19,0.05175
2023-06-20,0.0517
2023-06-21,0.0516
2023-06-22,0.0518
2023-06-23,0.0517
2023-06-26,0.0517
2023-06-27,0.0517
2023-06-28,0.0517
2023-06-29,0.0525
2023-06-30,0.0524
2023-07-03,0.0527
2023-07-04,0.05275
2023-07-05,0.0528
2023-07-06,0.0532
2023-07-07,0.0532
2023-07-10,0.0534
2023-07-11,0.0535
2023-07-12,0.0536
2023-07-13,0.0537
2023-07-14,0.0537
2023-07-17,0.0537
2023-07-18,0.0537
2023-07-19,0.0537
2023-07-20,0.0544
2023-07-21,0.0543
2023-07-24,0.0544
2023-07-25,0.0546
2023-07-26,0.0546
2023-07-27,0.0547
2023-07-28,0.0547
2023-07-31,0.0548
2023-08-01,0.0549
2023-08-02,0.0548
2023-08-03,0.0554
2023-08-04,0.0554
2023-08-07,0.0554
2023-08-08,0.0554
2023-08-09,0.0551
2023-08-10,0.0555
2023-08-11,0.0554
2023-08-14,0.0555
2023-08-15,0.0553
2023-08-16,0.0552
2023-08-17,0.0555
2023-08-18,0.0553
2023-08-21,0.0555
2023-08-22,0.0554
2023-08-23,0.0554
2023-08-24,0.0555
2023-08-25,0.0556
2023-08-28,0.0556
2023-08-29,0.0554
2023-08-30,0.0555
2023-08-31,0.0552
2023-09-01,0.0551
2023-09-04,0.0551
2023-09-05,0.0551
2023-09-06,0.0552
2023-09-07,0.0552
2023-09-08,0.0552
2023-09-11,0.0552
2023-09-12,0.0552
2023-09-13,0.0553
2023-09-14,0.0552
2023-09-15,0.0551
2023-09-18,0.0553
2023-09-19,0.0553
2023-09-20,0.0553
2023-09-21,0.0552
2023-09-22,0.0552
2023-09-25,0.0554
2023-09-26,0.0554
2023-09-27,0.0554
2023-09-28,0.0556
2023-09-29,0.0555
2023-10-02,0.0556
2023-10-03,0.0555
2023-10-04,0.0556
2023-10-05,0.0557
2023-10-06,0.0559
2023-10-09,0.05595
2023-10-10,0.056
2023-10-11,0.0558
2023-10-12,0.0561
2023-10-13,0.056
2023-10-16,0.0557
2023-10-17,0.0558
2023-10-18,0.0557
2023-10-19,0.0558
2023-10-20,0.0556
2023-10-23,0.0557
2023-10-24,0.0557
2023-10-25,0.0556
2023-10-26,0.0557
2023-10-27,0.0557
2023-10-30,0.0556
2023-10-31,0.0556
2023-11-01,0.0556
2023-11-02,0.0552
2023-11-03,0.0553
2023-11-06,0.0553
2023-11-07,0.0553
2023-11-08,0.0552
2023-11-09,0.0553
2023-11-10,0.0553
2023-11-13,0.0553
2023-11-14,0.0552
2023-11-15,0.0552
2023-11-16,0.0553
2023-11-17,0.0552
2023-11-20,0.0553
2023-11-21,0.0552
2023-11-22,0.0554
2023-11-23,0.05545
2023-11-24,0.0555
2023-11-27,0.0554
2023-11-28,0.0553
2023-11-29,0.0553
2023-11-30,0.0556
2023-12-01,0.0555
2023-12-04,0.0555
2023-12-05,0.0554
2023-12-06,0.0554
2023-12-07,0.0553
2023-12-08,0.0554
2023-12-11,0.0555
2023-12-12,0.0553
2023-12-13,0.0552
2023-12-14,0.0554
2023-12-15,0.0554
2023-12-18,0.0552
2023-12-19,0.0551
2023-12-20,0.055
2023-12-21,0.0554
2023-12-22,0.0554
2023-12-25,0.05535
2023-12-26,0.0553
2023-12-27,0.0555
2023-12-28,0.0557
2023-12-29,0.056
2024-01-01,0.05575
2024-01-02,0.0555
2024-01-03,0.0554
2024-01-04,0.0556
2024-01-05,0.0554
2024-01-08,0.0554
2024-01-09,0.0553
2024-01-10,0.0553
2024-01-11,0.0554
2024-01-12,0.0555
2024-01-15,0.05545
2024-01-16,0.0554
2024-01-17,0.0554
2024-01-18,0.0553
2024-01-19,0.0554
2024-01-22,0.0553
2024-01-23,0.0553
2024-01-24,0.0552
2024-01-25,0.0554
2024-01-26,0.0554
2024-01-29,0.0553
2024-01-30,0.0553
2024-01-31,0.0553
2024-02-01,0.0549
2024-02-02,0.0549
2024-02-05,0.0549
2024-02-06,0.0548
2024-02-07,0.0547
2024-02-08,0.0549
2024-02-09,0.0549
2024-02-12,0.0549
2024-02-13,0.0548
2024-02-14,0.0548
2024-02-15,0.0549
2024-02-16,0.0548
2024-02-19,0.05485
2024-02-20,0.0549
2024-02-21,0.055
2024-02-22,0.0549
2024-02-23,0.0549
2024-02-26,0.055
2024-02-27,0.055
2024-02-28,0.055
2024-02-29,0.0553
2024-03-01,0.0554
2024-03-04,0.0551
2024-03-05,0.055
2024-03-06,0.055
2024-03-07,0.0551
2024-03-08,0.0551
2024-03-11,0.055
2024-03-12,0.0552
2024-03-13,0.0552
2024-03-14,0.0552
2024-03-15,0.0552
2024-03-18,0.0552
2024-03-19,0.0552
2024-03-20,0.055
2024-03-21,0.0551
2024-03-22,0.0551
2024-03-25,0.0551
2024-03-26,0.055
2024-03-27,0.055
2024-03-28,0.0549
2024-03-29,0.0549
2024-04-01,0.0549
2024-04-02,0.0549
2024-04-03,0.0547
2024-04-04,0.0547
2024-04-05,0.0547
2024-04-08,0.0548
2024-04-09,0.0548
2024-04-10,0.0549
2024-04-11,0.0548
2024-04-12,0.0548
2024-04-15,0.0549
2024-04-16,0.0549
2024-04-17,0.0549
2024-04-18,0.0549
2024-04-19,0.0549
2024-04-22,0.0549
2024-04-23,0.0549
2024-04-24,0.0549
2024-04-25,0.0548
2024-04-26,0.0548
2024-04-29,0.0548
2024-04-30,0.0548
2024-05-01,0.0547
2024-05-02,0.0551
2024-05-03,0.0551
2024-05-06,0.0551
2024-05-07,0.0551
2024-05-08,0.0551
2024-05-09,0.0551
2024-05-10,0.0551
2024-05-13,0.055
2024-05-14,0.055
2024-05-15,0.0549
2024-05-16,0.0551
2024-05-17,0.055
2024-05-20,0.055
2024-05-21,0.055
2024-05-22,0.0549
2024-05-23,0.0551
2024-05-24,0.0556
2024-05-27,0.0553
2024-05-28,0.055
2024-05-29,0.055
2024-05-30,0.0548
2024-05-31,0.0548
2024-06-03,0.0549
2024-06-04,0.0548
2024-06-05,0.0548
2024-06-06,0.0548
2024-06-07,0.0547
2024-06-10,0.0547
2024-06-11,0.0546
2024-06-12,0.0547
2024-06-13,0.0547
2024-06-14,0.0547
2024-06-17,0.0545
2024-06-18,0.054
2024-06-19,0.0541
2024-06-20,0.0542
2024-06-21,0.0542
2024-06-24,0.0542
2024-06-25,0.0543
2024-06-26,0.0544
2024-06-27,0.0548
2024-06-28,0.0547
2024-07-01,0.0548
2024-07-02,0.0548
2024-07-03,0.0549
2024-07-04,0.05485
2024-07-05,0.0548
2024-07-08,0.0548
2024-07-09,0.0545
2024-07-10,0.0546
2024-07-11,0.0548
2024-07-12,0.0547
2024-07-15,0.0548
2024-07-16,0.0548
2024-07-17,0.0547
2024-07-18,0.0548
2024-07-19,0.0548
2024-07-22,0.0549
2024-07-23,0.0549
2024-07-24,0.055
2024-07-25,0.0549
2024-07-26,0.0549
2024-07-29,0.055
2024-07-30,0.055
2024-07-31,0.0549
2024-08-01,0.0555
2024-08-02,0.0554
2024-08-05,0.0552
2024-08-06,0.055
2024-08-07,0.055
2024-08-08,0.0555
2024-08-09,0.0554
2024-08-12,0.0553
2024-08-13,0.0548
2024-08-14,0.0549
2024-08-15,0.0553
2024-08-16,0.0553
2024-08-19,0.0551
2024-08-20,0.0548
2024-08-21,0.0545
2024-08-22,0.0551
2024-08-23,0.0551
2024-08-26,0.0549
2024-08-27,0.0549
2024-08-28,0.0547
2024-08-29,0.054
2024-08-30,0.0541
2024-09-02,0.05395
2024-09-03,0.0538
2024-09-04,0.0533
2024-09-05,0.053
2024-09-06,0.0528
2024-09-09,0.0525
2024-09-10,0.0518
2024-09-11,0.0521
2024-09-12,0.0518
2024-09-13,0.0515
2024-09-16,0.0511
2024-09-17,0.0505
2024-09-18,0.0491
2024-09-19,0.0489
2024-09-20,0.0487
2024-09-23,0.0485
2024-09-24,0.0478
2024-09-25,0.0479
2024-09-26,0.049
2024-09-27,0.049
2024-09-30,0.0493
2024-10-01,0.0496
2024-10-02,0.0492
2024-10-03,0.0499
2024-10-04,0.0501
2024-10-07,0.05
2024-10-08,0.0496
2024-10-09,0.0493
2024-10-10,0.0498
2024-10-11,0.0497
2024-10-14,0.0495
2024-10-15,0.0493
2024-10-16,0.0491
2024-10-17,0.0493
2024-10-18,0.0492
2024-10-21,0.0492
2024-10-22,0.0489
2024-10-23,0.0488
2024-10-24,0.0487
2024-10-25,0.0489
2024-10-28,0.0488
2024-10-29,0.0488
2024-10-30,0.0487
2024-10-31,0.0476
2024-11-01,0.0475
2024-11-04,0.0475
2024-11-05,0.0472
2024-11-06,0.0468
2024-11-07,0.0469
2024-11-08,0.047
2024-11-11,0.047
2024-11-12,0.047
2024-11-13,0.0469
2024-11-14,0.047
2024-11-15,0.047
2024-11-18,0.047
2024-11-19,0.0467
2024-11-20,0.0468
2024-11-21,0.0472
2024-11-22,0.0472
2024-11-25,0.0474
2024-11-26,0.0474
2024-11-27,0.0476
2024-11-28,0.0476
2024-11-29,0.0476
2024-12-02,0.0475
2024-12-03,0.0466
2024-12-04,0.0465
2024-12-05,0.0459
2024-12-06,0.0457
2024-12-09,0.0456
2024-12-10,0.0453
2024-12-11,0.0449
2024-12-12,0.0443
2024-12-13,0.0443
2024-12-16,0.0443
2024-12-17,0.0446
2024-12-18,0.0444
2024-12-19,0.0442
2024-12-20,0.0443
2024-12-23,0.0444
2024-12-24,0.0444
2024-12-25,0.04445
2024-12-26,0.0445
2024-12-27,0.0444
2024-12-30,0.0443
2024-12-31,0.044
